id,words
0,bayar bpjs sanggup percaya uang gaib triliun pulih ekonomi rang pandemi covid
1,didik gratis sehat gratis bpjs iur nunggak listrik subsidi
2,iya wajib bayar layan sehat bpjs sehat usaha wajib aneh
4,beda iur bpjs sehat naek
5,bpjs salah kelola direksi tahan
6,kalimat kau bilang merdeka bukti nama merdeka rakyat bpjs sehat iur
7,sulit rujuk rumah sakit sesuai arah dokter faskes tingkat ajar bpjs
8,heran bpjs bayar tenaga sehat
10,miris sehat jadi bisnis rakyat palak penting kapitalis
11,jamsostek ketenagakerjaan bpjs sehat adalagi bp tapera dapat bayar iur mulu
12,jokowi beban rakyat miskin covid turun bbm naik bpjs sehat cebong sakit biaya
13,bpjs telat bayar apd bayar nama doang tri sehat dalem sakit
14,anak udh santai kis suami perlu lahir anak ngurus ribet
15,kurir salah usaha logistik bumn kasihan masyarakat bayar iur
16,tanggung bpjs sehat berat
17,ngurus gatau serta bpjs sehat wajib autodebit ngelampirin atm buku rekening susah
18,sehat jamin penuh negara rakyat bayar premi bpjs layan sehat
19,drama bpjs sehat ngga selesai selesai
20,bpjs sehat iur turun
21,obat pake rujuk sakit faskes 1
22,sumpal kapital gitu tanggung jawab negara sehat rakyat jurus palak ala bpjs naik gitu jaga satu
23,hasil segitu usaha beban rakyat ketulungan pandemi iur naik
25,tolak lupa delapan mantan menteri sehat siti fadilah supari bahaya bpjs vaksin
26,negara biaya makan napi lepas jamin sehat iur bpjs naik
28,nyuruh adek kuliah sehat bayang kerja hidup sejahtera denger cerita temen profesi sehat susah
29,kalau balik gimana rakyat lelah biaya negara pph ppn pbb lstrik mahal
30,taik bpjs kelas lapang alas rs ngasih kelas ujung ujung masuk kelas titid
31,gausa tinggi lu bahas bbm bpjs pln bahas layan bpjs ngaco
32,rakyat biaya negara bayar pajak iur bpjs harga harga negara biaya rakyat
33,bayar iur darimana jiwasraya asabri ngutang pertamina bpjs listrik
34,naikin bpjs mending jokowi bubarin bpip ksp stafsus presiden amp wapres guna hemat triliun
35,biaya perintah makan nyari bayar pajak bayar bpjs
36,kasi negara ngemis rakyat melangar psbb dapetnya cuman m boro boro biaya rakyat
37,rakyat rakyat hidup biaya perintah naikin bpjs listrik
38,negara biaya rakyat bbm turun turun bpjs sehat gratis dinaikin
39,bbm turun dunia turun rakyat biaya perintah naik iur bpjs
40,wifi bpjs rumah bayar iur bpjs
42,sda limpah selenggara sehat gratis alih alih gratis rakyat rasa naik iur
43,perintah menomorsatukan sehat lantas bijak naik bpjs sehat kena
46,rumah ngapain gaji potong tapera potong pph ps bpjs ketenagakerjaan bpjs sehat
47,bpjs sehat jalan penuh carut marut muncul tapera juntrung wajib
48,biar sadar nuntut layan bpjs nomor dua lupa bayar kaga sehat
49,potong gaji kerja tambah bpjs sehat bp jamsostek iur tabung berat
50,maksud gimana pajak kantor paksa pakai bpjs motong uang rasa manfaat
52,sih dah potong bpjs ketenagakerjaan sehat
54,bpjs sehat make sense sehat butuh manusia terus iur berat
55,kasih opini bpjs tau morat marit rada arah bangkrut rumah sakit bayar
56,potong bpjs ketenagakerjaan bpjs sehat detail fungsi
57,persis kayak bpjs sehat asal askesnya pns inti sih bijak salah
59,ngomong utama sehat lapang iur bpjs naik obat mahal beli nama peras
60,rezim bijak pakai nurani rakyat susah keppres naik bpjs sehat
61,potong iur bpjs naker sehat pensiun gede berat
63,potong ditambahin bonus coba potong gaji
64,bpjs tk sehat tapera mayan gaji potong
65,swasta gaji potong phk perintah naik tarif listrik naik tarif bpjs blt salah sasar
68,beban pikul blt listrik diskon bbm turun prakerja bpjs iur
69,bpjs kita tau latar belakang terap bijak
73,udh potong pph bpjs tk jamin pensiun bpjs sehat utang kantor
77,konsep bang indonesia pungut iur bpjs ketenagakerjaan bpjs sehat habis gaji
78,potong bpjs asuransi sehat tanggung perintah
79,kasihan hamil suruh jam siang periksa kandung rsud kembang jakarta barat pake bpjs
80,bpjs sehat bpjs tk pph tapera dasar sapi perah
83,harap cabut pres naik iur bpjs sehat perintah thr pahit masyarakat
84,gin negara cari duit nutupin defisit saat pandemi orang hidup susah hilang hasil
85,bpjs sehat bayar ama usaha enak sih goblok
86,enam puluh persen serta mandiri bpjs sehat ancam bayar pasti ekonomi nyungsep
88,potong bpjs tenaga kerja potong bpjs sehat potong dana pensiun kerja sungguh berat
89,kerja buruh alami potong iur bpjs sehat bpjs tenaga kerja susah
90,boneka rampok rakyat
91,bpjs sehat sanksi tabung tapera sanksi gilir nyata lawan hukum hakim adil nyengir doang
92,punten potong bpjs ketenagakerjaan sehat nambah koma persen rumah
93,bener gaji mentok umr potong bpjs sehat tunjang tua potong
94,bpjs kessehatan tapera dicairin umur ujur tapera nikmatin rumah
95,nambah potong upah mah bpjs ketenagakerjaan bpjs pensiun bpjs sehat tapera
97,pajak paham negara butuh bangun pelihara itung zakat islam koma persen bpjs sehat tapera
98,awat pasien covid klaim perintah hasil pcr positif hasil pcr periksa pakai dana rugi mahal
99,masuk jamin tua gambar persentase ragu
100,gotong ria bpjs sehat sehat sakit pusat pemda negara masyarakat rakyat rugi
101,lelucon bpjs tk seringkali ambil bpjs sehat skrg ambil hak rakyat
102,potong wajib perintah indonesia rakyat bpjs sehat bpjs ketenagakerjaan pph tapera rugi
103,warga tahun pake asuransi sehat pake kpr btn aman lancar rumah pake bpjs tolak rumah sakit
104,perintah bikin program serah paksa rakyat wajib bpjs sehat ketenagakerjaan
105,pribadi nggak suka bijak tapera hitung hitung ngga gin hitung bikin orang ngga bayar premi bpjs sehat nggak tuju nggak disinformasi
106,ratus ribu bayar perlu bpjs sehat nombok bantuin masyarakat deh
107,pecat karyawan biar karyawan sejahtera dapet bpjs sehat itu iur berat
108,rumah duit pakai kelola bunga makan bpjs tenaga kerja bpjs sehat tapera rakyat objek derita
109,kasi lo cape cape bayar asuransi sehat bpjs lu sakit minimal celaka
110,sumbangsih pajak pabrik rokok ratus triliun dipake nalangin bpjs sumbangsih gede ngerusak sehat masyarakat hasil apa kelola duit
111,potong pajak potong bpjs sehat potong bpjs pensiun potong tapera habis gaji
112,dasar hitung tentu gaji upah tetap program jamin sosial maksimal belas juta kaya bpjs sehat pakai
113,gas bmm air beli negara perintah kelola harga bantu rakyat pandemi sehat kelola perintah ma kangkang rakyat korban tapera
114,tagih negara bulan pph bpjs sehat ketenagakerjaan muncul tapera utang meres rakyat kntl
115,paham bpjs wajib bayar kerja emang butuh sehat paham layan bpjs hancur
116,pph bpjs sehat bpjs tk tapera cicil kpr habis gaji
117,potong bpjs tenaga kerja bpjs sehat tapera
118,lelucon bpjs tk seringkali gabisa ambil bpjs sehat ambil hak rakyat
119,bpjs sehat ketenagakerjaan muncul tapera berat
120,potong wajib perintah indonesia rakyat bpjs sehat bpjs ketenagakerjaan pph tapera nilai berat masyarakat
121,gaji puluh juta gaji umk gimana standar umk kabupaten gunungkidul jogja koma tujuh juta potong bpjs sehat ketenagakerjaan potong tapera
122,indah hidup negeri wakanda hasil kerja peras keringat terima gaji sunat perintah iur bpjs sehat keluarga pakai jht pph besar puluh persen
123,potong bpjs tenaga kerja potong bpjs sehat potong dana pensiun kerja pph himpit tabung tapera dana haji embat
124,habis gaji pegawai bpjs sehat bpjs jht bpjs pensiun pajak rumah
125,harga minyak dunia turun turun harga bbm iur bpjs naik materi sehat susah rakyat temu
126,nambah potong gaji bpjs ketenagakerjaan bpjs sehat
127,anggap sektor pariwisata buka mohon bantu perintah karyawan usaha pariwisata contoh sederhana relaksasi bayar pajak daerah pb pln pdam bpjs sehat bpjs tk subsidi harga bahan pokok makan gaji
128,kasihan buruh potong pph puluh potong bpjs ketenagakerjaan potong bpjs sehat potong tapera sisa
129,bpjs kaga bener akal akal urusin perut ama sehat masyarakat biar kenyang rumah
130,bayar negara pph bpjs sehat ketenagakerjaan muncul tapera utang jalan meres jalan
131,kerja buruh alami potong iur bpjs sehat bpjs tenaga kerja pensiun tambah potong iur tapera miskin
132,punten potong persen bpjs ketenagakerjaan sehat nambah koma persen rumah tapera nabung beli rumah
133,bener udh gaji mentok umr potong bpjs sehat bpjs ketenagakerjaan tapera
134,produktif era new normal jamin layak hidup perintah jamin sehat bpjs jiwasraya stop orang lemah hakikat manusia lewat uji
135,de utang sih orang orang situasi gin mana karyawan rumah gaji potong sampe biar kena phk bpjs iur
136,subsidi ebt kali defisit bpjs sehat nikmat korporasi rugi daya masuk grid peak kepake pln bayar butuh backup energi fosil
137,bakar hutan bpjs sehat internet papua lapor bongkar
138,nama program tumpang tindih bpjs sehat bp jamsostek iur bulan tanggung usaha
139,langgan bpjs sehat pinjam
140,anjir lemes baca payday suka sedih potong pph bpjs sehat bpjs tk bpjs jht tapera berat
141,bayar manual september ganti autodebet indikator autodebet sebenernya salah orang patuh bayar bpjs sehat
142,baca pp khusus pns laku nasional nih thp bpjs sehat trus bpjs pensiun tapera berat terap nasional
143,lu bayangin potong pph persen bpjs sehat persen bpjs tk persen jht persen bom potong uda nyampe belas persen anjing
144,bp jamsostek bpjs sehat bp tapera tinggal nunggu bp bp negara kalah komplek rumah iur
145,perintah iur bpjs sehat kelas ratus delapn puluh enam ribu naik tarif segitu rakyat bayar bbm turun
146,nambah potong upah bpjs ketenagakerjaan bpjs pensiun bpjs sehat pp tapera bagi duit sisa gaji
147,masyarakat langkah perintah terap sistem tarif adil serta bpjs sehat
148,gin gin gaji potong bpjs sehat bpjs pensiun mati pph presiden potong persen potong potong
149,bpjs sehat gotong royong sama masyarakat perintah bantu sepenuh
150,ikhlas bayar bpjs sehat tapera ikhlas bpjs ketenagakerjaan tapera cari puluh delapan harga tanah rumah taun kejar setor banget perintah
151,dp nol persen urgensi masuk kaya iris bpjs sehat sm bpjs tk jamin tarik iur tarik pas pensiun stop kerja rumah urgent sehat selamat kerja pensiun
152,potong bpjs sehat ketenagakerjaan enak ko tambah tapera tapera asu
153,agustus ribu sembilan belas bilang perintah langgar hukum kait blokir internet karhutla iur bpjs sehat becus
154,jaga sehat pajak bpjs nyari duit susah
155,potong jht bpjs ketenagakerjaan bpjs sehat kah upah potong manfaaatnya tau lari mana cair jht belit naudzubillah uang loh ilang gitu cair kerja kemaren asu
156,potong gaji bulan bpjs sehat ketenagakerjaan pajak hasil jht potong tapera
157,lupa naik tarif bpjs sehat berat
158,bpjs sehat defisit ngurus bpjs ketenagakerjaan ribet ampun uang potong gaji
159,bagi porsi iur tapera unik turut company nol koma persen employee koma persen wajib kerja wajib usaha benefit karyawan ilustrasi benefit karyawan bpjs sehat berat karyawan
160,inget kerja layan sehat sumpah pilih kasih pasien atur kerja pasien bpjs vip dua pasien tetep pasien pasien bpjs samping
161,wei gila kali yak zakat ajar agama persen hasil ampe persem alesannya biar rumah gaji potong bpjs sehat tenagakerjaan pajak msh tambah potong
163,bpjs sehat bpjs ketenagakerjaan tapera wajib tapera si kerja rumah potong gaji potong berat
164,hasil kerja kerja mandiri potong program tapera tuju bantu masyarakat indonesia milik rumah sistem padu bpjs ketenagakerjaan bpjs sehat tarik ladang korupsi
165,potong puluh persen iur bpjs tk bpjs sehat pph asuransi swasta dana pensiun swasta bpjs sehat dipake
166,tapera bpjs tenaga kerja sehat persen dapat hasil persen hilang uap mana harap sembilan puluh sembilan persen serta peduli ambil hak
168,bpjs sehat bpjs ketenagakerjaan bpjs tk pensiun tapera abis nih habis gaji ku
169,gaji potong simpan sehat ngurusnya ribet uang
170,perintah naik tarif listrik naik tarif bpjs blt salah sasar tolong hutang negara imf bayar hutang beban anak cucu moga sehat
171,beban pikul dpt blt listrik diskon bbm turun prakerja bpjs sehat turun harga beras gaji turun bantu mikul beban ayo
172,program nih dibikinin rumah gimana wajib kaya bpjs sehat bpjs jarang pake
173,bayang hakiki turun kadang potong pajak hasil potong bpjs sehat keluarga
174,bayar bpjs sehat iya bpjs tk iya tambah iur gaji pas umr ancur
175,konsep bang indonesia iur bpjs ketenagakerjaan bpjs sehat jht muncul hasil pensiun ambil bentuk deposit perban surat utang ribet
176,potong sih bpjs asuransi sehat
177,kasihan hamil suruh jam siang si dokter jam sore pasien bpjs sehat lambat periksa
178,bpjs sehat bpjs tnkr pph tapera dasar sapi perah
179,presiden negara vonis lawan hukum karhutla naik tarif bpjs sehat lanjut vonis lawan hukum madam internet papua papua barat negara negara hukum
180,iur iur tapera bpjs sehat berat banget
181,asuransi sehat maksud bpjs asuransi gantung asuransi claim tuju rapidnya screening gejala rujuk cover
182,bpjs sehat bayar ama usaha hebat lo goblok uu bpjs ama ubah goblok
183,bpjs sehat full bayar usaha lu kecuali bpjs tk subsidi usaha lu sisa potong dati gaji lu hitung hitung simpan lu kurang dasar tolol lu sakit obat full biaya pake bpjs
184,tapera tabung rumah rakyat arisan rumah kayak cuman akal akal nambah cashin persis bpjs bilang arisan sehat
185,bpjs sehat bpjs ketenagakerjaan kualitas kerja karyawan rewel pegat
186,kali perintah jokowi langgar hukum bakar lahan naik bpjs sehat shutdown internet
187,hardcore ujung ujung muncul uu minerba uu cilaka naik bpjs sehat naik bmm baru pitera jilat rezim mah atas baik rakyat
188,walah catut potong jancuk bikin bijak potong jkn bpjs sehat potong pajak
189,ayo cuy iur kerja bpjs sehat bpjs ketenagakerjaan tambah koperasi usaha hitung pph tambah tapera
190,bpjs sehat ketenagakerjaan real mutlak ngurusi rumah ngeh urgensi berat
191,potong slip gaji bpjs ketenagakerjaan bpjs jamin pensiun bpjs sehat tapera potong koperasi potong absen abis gaji
192,juang rakyat henti jerat bpjs sehat
193,bpjs sehat beban rakyat tolak ma dasar penghisap darah rakyat tobat nekat beban tapera karyawan kerja mandiri diktator wajah ganteng
194,tapera pungut bpjs tk bpjs sehat luar potong pph pajak ternak pajak anak pajak tanam biara negara kaya
195,rumah ngapain gaji potong tapera potong pph bpjs ketenagakerjaan bpjs sehat tapera cebong bahagia beli kopi gelas plastik ember
196,bpjs sehat jalan penuh carut marut muncul tapera wajib untuk orang rumah perintah main sedot uang rakyat
197,potong gaji kerja tambah bpjs sehat bp jamsostek iur tabung rumah rakyat tapera sarana kerja milik rumah tinggal sifat wajib kerja abis gaji
198,maksud gimana pajak kantor kantor paksa pakai bpjs motong uang pakai layan beda asuransi sehat swasta potong sejahtera ngga peres
200,pph ppn bpjs sehat bpjs ketenagakerjaan tapera habis gaji
201,gaji potong bpjs sehat pilih manfaat nggak eligible koma persen gaji iya manfaat
202,sih potong bpjs ketenagakerjaan sehat persen tapera abis gaji
203,potong bpjs ketenagakerjaan bpjs sehat berat detail fungsi karyawan swasta
204,persis kayak bpjs sehat asal askesnya pns inti sih bijak dulunya pns generalisir swasta subsidi silang sih manfaat bp tapera
205,ngomong utama sehat lapang iur bpjs naik obat obat mahal beli nama guna bpjs orang sakit
206,jokowi teken pp tapera gaji kerja potong tabung rumah pegawai swasta kerja mandiri potensial iur bpjs sehat ruwet tuju dpr pp
207,dana haji ditilep uang kuliah naik bpjs sehat gaji potong buruh phk bumn bangkrut utang roket harga bbm lu bilang tang jokowi indonesia sejahtera adil makmur serah
208,potong pot bpjs tk sehat kerja berat
209,bpjs sehat bpjs tenaga kerja jht pph nambah kolom tapera abis gaji potong
210,bpjs sehat tapera rumah ladang perintah cari duit esemka ilang kabar gimik kampanye kemaren pindah ibukota sok sok
211,tapera yaa banget iur bpjs sehat tenaga kerja taspen abis gaji potong
212,goblok baca hutang mana potong hutang goblok potong bpjs sehat ketenegakerjaan pensiun potong dana sosial potong uang koperasi paham lo dul
213,iur bpjs sehat naik perintah nilai hormat ma
214,jamin sehat bpjs milik rumah tapera rakyat indonesia tuntut mandiri negara kelola habis uang gaji
215,bilang rumah anggap sumbang nggak iur bpjs sehat bilang serah
216,gua nggak kesel perintah tambah potong persen dah nggak pph bpjs sehat bpjs ketenagakerjaan tunjang tua sistem gimana tapera mending bantu rumah murah
217,fakta bicara gratis sistem kapitalisme sehat tanggung negara alih individu bpjs negara lepas tangan sangkal
218,muncul bpjs jilid potong ketenagakerjaan potong sehat potong rumah nih ntar gaji arisan muter bae sampe tuek
219,gugat ma mk paham sebenernya harap banget perpu ramein biar gugat kayak naik iur bpjs sehat
220,sistem kayak bpjs kek berat deh tinggal sehat sih duit korupsi mari pantau
221,liat detail potong slip gaji bpjs sehat persen tk persen ditambahin tapera persen karyawan kena potong enam koma persen abis
222,digabungin potong bpjs tk sehat sedih
223,asn bumn swasta media wajib nasional bpjs sehat rumah iur tapera pensiun dana pensiun sdh potong upah karyawan
224,tah persen gaji potong bpjs sehat bpjs tenaga kerja
225,pusing habis bayar bpjs sehat rate ubah ubah
226,ribu orang menandatangani petisi isi tolak naik iur bpjs sehat naik iur pandemi nilai hidup masyarakat sulit
227,serah lu dah ntar duit ilang tinggal ngomong salah kelola kayak bpjs sehat
228,beban bpjs sehat bpjs naker potong lg maksud pa jokowi manfaat potong kerja
229,ngitung bpjs ketenagakerjaan jht porsi karyawan jp porsi karyawan bpjs sehat premi porsi karyawan tapera potong nambahin kerja hrd
230,tuju sehat juang lawan corona de naik anggar bpjs mbak rika cipta salah anggota pdi tolak tolong
231,baca pp no ribu puluh tabung rumah rakyat presiden cinta jokowi nambah nih pungut paksa gaji taper tambah bpjs sehat ketenagakerjaan sisa gaji tinggal kartu
232,plus swasta kayak askes jamsostek lebur jd bpjs sehat
233,perintah tolong gaji side job seret naik bpjs sehat persen potong subsidi rumah orang gitu nyicil rumah
234,manfaat situasi tagih bpjs macet operasional rs lumpuh bijak larang kumpul area publik minim pasu layan sehat
235,tapera jatuh kayak bpjs sehat bpjs ketenagakerjaan paksa
236,coba rs khusus ortopedi surabaya kayak operasi wa telfon csnya bilang obat sana pakai bpjs sehat barusan konfirmasi dichat coba henti
237,ngurus gatau serta bpjs sehat wajib autodebit ngelampirkan atm buku rekening ngisi formulir tuju autodebet bank kait tau wajib bayar bebas
238,lu sadar tax ratio bawah belas persen lu sadar serta aktif bayar bpjs sehat cuman puluh koma tujuh persen ngomong ideologi liat statistik lapang
239,kurir salah usaha logistik bumn kasihan bpjs tenaga kerja bpjs sehat cabut semenjak kerja antar brng jalan
240,heran iur bpjs bayar tenaga sehat
241,jamin paksa asuransi sehat tambah paksa bpjs oh cebong pantes bego kaya si joko
242,bp jamsostek ketenagakerjaan bpjs sehat eh adalagi bp tapera hadeuh dapat bayar iur mulu
243,bpjs sehat tanggap keluh serta bpjs konfirmasi sulit banget balas dm
244,budget segitu bpjs dapetin fasilitas sehat doang untung untung dapet rs emang layan bpjs bagus
245,sehat hati tanggung bpjs
246,ngeluh bpjs jaga sehat
247,emosi gara gara layan bpjs sehat bener antara tanggung loh bikin tension headache benernya sih layan merosot ngurus bpjs sehat bikin badan sehat
248,amerika utang rakyat jamin orang nganggur dpt tunjang leher jerat naik bpjs uang jamin sehat amerika sehat jamin negara lo cebong ngepet
249,ngakak sih kena prank bpjs sehat iur
250,gimana iur bpjs sehat putus mk tolong bilangin jokowi jgn suka langgar uu gimana rakyat sableng ajarin bener
251,pro rakyat harga bbm tarif listrik bpjs sehat bikin nang
252,bayar tagih kartu sm bpjs sehat kelas suka vertigo gerd bikin pusing
253,biaya bpjs sehat gin turun berat
254,pimpin tdk moral petinggi negara ngatur bbm harga ngak turun caplok freeport ngak jamin sehat ngak
255,pancasila air beli lapang kerja gampan usaha saldo nol ngejar harta harta titip tuhan pancasila iur sehat
256,miris bpjs pandemi kunjung reda
257,biar kagak lupa orang gantung bpjskesehatan istri lahir mending langsung rs deh faskes apa nama langsung rs biar susah ngurusinnya
258,cukai naik deh subsidi bpjs sembari ngerokok amal ngomongin dampak buruk sehat soft drink sehat rokok energy drink bebas lenggang biar bpjs naikin iur berat masyarakat
259,didik gratis sehat gratis bpjs nunggak listrik subsidi diem diem rangkak pertamina tolak ukur gejolak aneh berat
260,bpjs tk sehat gopek ngabisin gaji
261,kalimat kau bilang merdeka bukti nama merdeka damai rakyat tdk sengsara sehat kerja jamin negara bpjs naik iur kerja pake tka
263,iur bpjs sehat masyarakat tanggung perintah
264,free country green cardbya liat gonjreng gt propaganda mah sistem sehat bpjs kagak
265,perintah pikir keras baik sistem bpjs sejajar layan asuransi sehat tdk anggap sumbang bantu rakyat tdk banyak dokter layan lapis masyarakat dlm terima fasilitas sehat
266,rencana naik iur bpjs sehat nilai cacat hukum
267,kemaren sakit kudu pis rapid test mahal tanggung bpjs jaga sehat
268,naikin tarif bpjs sehat ngeluh tambah nih menteri gaji pake uang rakyat
269,iur bpjs sehat daya beli masyarakat rendah sulit
270,gin bpjs bubar nabung segitu kali tujuh keluarga membackup sehat keluarga
271,iur gin orang mending bpjs asuransi lbh murah
272,bpjs sehat produk asuransi paksa berat masyarakat
273,iya kalang tengah ancam miskin pandemi permasalahin tengah pandemi notabene kaya sampe miskin kena imbas pake bpjs sehat sih emang masalah pake bpjstk
274,anjing dipikirin nominal duit melulu lo tau bpjs hak sehat warga wajib negara
275,perintah mata duit iur dinaikin ngeberatin
276,bayar pajak bayar iur bpjs terobos bpjs laku transformasi digital radikal pakai mindset startup digital laku tingkat sehat masyarakat
277,bpjs sehat mudah masyarakat
278,naik iur solusi atas defisit bpjs sehat
279,bpjs sehat kecewa ribet koordinasi jadi minggu istri gugur dikiret klinik utama handayani bpjs aktif
280,rakyat susah disusahin contoh pimpin sadis dzolim rakyat
281,cekik usaha rakyat brutal naik bpjs sehat dibatalin ma ganti ketua ma naik peras pd usaha rakyat sadis nggak sih prank itu nama iur bpjs sehat
282,sentralisasi sehat bpjs tekor mesti tara puskesmas kelola jamkesmas kab kota tara rsud kelola jamkesmas prov tara rsup kelola bpjs pusat atur persentase kelola layan sesuai anggar
283,pegawai bpjs pakai bpjs sih iur bpjs sehat putus ma
284,bpjs sehat pajak wajib anggota mati bayar mati stop bayar cie indonesia sengsara rakyat
285,bener bener rezim cekik rakyat naik iur
286,bpjs bentuk subsidi sehat negara gin cerita ragu negara ngasih subsidi rakyat rakyat ngasih subsidi negara
287,oi bego emergency bidang sehat benah bidang sehat bpjs tangan covid infrastruktur
288,modus jahat berfikir sesat kondisi masyarakat serba susah covid sisi kait defisit bpjs sehat rakyat korban
289,iur abis mundur ganti kelola tata kelola ngga beres iur alas
290,tau wajib bayar bpjs bulan biaya sehat olah harap sakit sakit duit bayar bayar pegawai bpjs
291,bikin emosi bpjs sehat minggu dikerjain bolak sampe muter muter ujung kabupaten sampe ujung kota tengah psbb dilayanin tanggung
292,orang cocok bpjs orang orang cari asuransi sehat swasta alas cari layan cepat langsung optimal bpjs ribet administrasi
293,kayak bpjs sehat nih adaptasi revolusi industri ada
294,jerman sosialis sistem sehat asuransi tinggal dateng gk pake ribet indonesia gelut pake bpjs
295,sih bpjs asuransi pt prudential life assurance prudential pt aia financial pt asuransi jiwa manulife indonesia axa mandiri layan sehat cepat
296,jokowi gotong royong tengah pandemi naik iur bpjs tengah darurat sehat landa bangsa
297,serah bilang kisdi nuduh org bnr fitnah org nanya bpjs sehat iur berat masyarakat hutang negara nyari kerja susah isi tka
298,udahlah bubar bpjs sehat nyusahin masyarakat doang bisa
299,sih pindah jamin sehat swasta bpjs kelas mata rumah sakit anggap pasien bayar ngutang bayar bpjs perintah rumah sakit telat
300,naik iur bpjs sehat nilai cedera manusia
301,bagus hasil bayarin utang bpjs sehat biar iur berat masyarakat
302,bubarin susah masyarakat jg manfaat benefit bpjs sehat jujur manfaat bpjs tk org jg bs daftar sbg kerja mandiri manfaat lbh kayak nabung deposito
303,geruduk dirut bpjs sehat naik iur pihak masyarakat
304,tau main tarif bpjs sehat
305,naik iur bpjs sehat harap baik layan sehat idi nilai sulit bayar fasilitas sehat
306,dpr nilai perintah manfaat social distancing lolos naik iur bpjs sehat
307,bpjs usaha cari untung usaha jalan wajib negara jamin sehat masyarakat
308,bpjs bubar sistem sehat rakyat urus pemda rugi masyarakat
309,ini asuransi jenis nanggung sehat negara rakyat pasung nama bpjs
310,bpjs sehat covid harga sembako turun
311,bantu rakyat covid salah satu turun bbm boro boro turun naikin iur bpjs negara sih
312,negara jamin sehat gratis iur sehat iur
313,naik iur bpjs sehat nilai sengsara rakyat pa gugat jokowi
314,naik iur bpjs sehat perintah akal putus ma empati sulit rakyat
315,hampirgila habis pandemi rsj penuh pasien alas perintah naik iur bpjs alokasi anggar proyeksi sehat jiwa sadar naik iur gila masyarakat
316,nutup defisit bpjs sehat rakyat peras koma enam trilyun setor abal abal
317,layan bpjs buruk obat rs mending pake asuransi swasta dah iur kelas segitu diturunin mesti tahun kelas sampe gk urus jd mandiri resign mesti kudu jaga sehat
318,negara renggut hak rakyat polemik iur bpjs sehat kunjung
319,tanda perintah tdk solusi sejahtera sehat rakyat abai suruh turun kelas bpjs sehat defisit tdk duit klau masyarakat turun kelas uang nutupi kurang jd liat akal akal
320,mending pindah asuransi swasta bu sri bpjs rs susah suka ruang
321,rasa gambar bijak jokowi naik iur bpjs sehat
322,bahasa hebat banget rakyat selamat bpjs mana peran negara perintah selamat rakyat serba balik
323,bpjs wajib negara sedia fasilitas sehat alih dana prakerja real bantu masyarakat dr insentif ambil hak rakyat suruh ambil hak jabat lembaga negara daerah
324,bpjs langsung pake korelasi budget orang ngerokok eh coy ikut bpjs sehat ngerokok goblok
325,bpjs bubar sehat rakyat urus pemda biar timpang
326,perintah nge prank gin rakyat buat sakaratul maut mgkn bpjs sehat udh batal paksa besar gaji karyawannya
327,naik iur bpjs sehat nilai jatuh marwah mahkamah agung
328,perintah milik empati masyarakat
329,tuju rakyat susah perintah naik iur sehat korban phk sakit sakit stres akibat naik bpjs
330,presiden joko widodo patuh putus mahkamah agung bpjs sehat
331,sulit perintah nekat naik iur bpjs sehat mana pihak rakyat
332,perintah peka bukti tuna empati situasi masyarakat landa pandemi wabah covid mana masyarakat susah derita naik iur bpjs sehat
333,ma batal naik iur bpjs sehat presiden naik
334,naik iur bpjs sehat jokowi rasional
335,banget pandemi naikin iur bpjs sehat
336,tuju bpjs ada ladang dapat sehat rakyat
337,pecat dirut bpjs sehat bukti
338,naik iur bpjs sehat tanda negara duit rakyat peras
339,pasien bpjs lawan putus presiden naik iur bpjs itupula harap layan pasien fakta beda lapang kelas sosial layan sehat pilih kasih
340,lha bpjs jg ka asuransi sehat jel kl non ksntor blm si pgn jg tdnya sih pruden jel
341,new normal pengaruh uu sehat bpjs patah hati amp rindu tanggung bpjs
342,geram sikap presiden jokowi naik iur bpjs sehat batal ma sayang putus ambil sulit ekonomi rakyat akibat dampak pandemi covid
343,dear bpjs sehat please go digital bahas bahas orang dendam
344,tolong up nista agama tebar benci habis ml
345,knapa pos nda suntik dana lapang cabut hak bpjs sehat ketenagakerjaanya
346,resesi org demen alokasi dana kredit hp motor resesi sehat jd nomor sekian bayar bpjs protes
347,bpjs sehat biar kucing jilat wajah
348,loh kelas dirut tvri g tau wajib iur bpjs karyawan bayar lgsg potong gaji karyawan masuk dlm tunjang sehat duh gustiiiii ora enek sing luwih pinter po
349,woooiii kasih biaya rakyat rakyat hidup pajak bumi bangun pajak kendara pajak hasil pajak sehat bpjs
350,nti uang otomatis masuk tunggak bpjskesehatan kak bs obat hati kecewa husnuzon
351,kuat sehat naik bpjs
352,jamsostek kolaps susul bpjs sehat
353,lupa bayar bpjs sehat pas bayar wow akoe terkedjoet
354,rakyat pelit hitung an bumn jor joran perintah gelontor uang bumn tengah pandemi virus corona satu sisi perintah pelit kikir bangat tutup defisit bpjs sehat
355,bpjs it feel so high damage bossque jamin tingkat kualitas layan sehat bpjs negara defisit anggar akal sehat
356,cek iur bpjs sehat apk mei bayar april gilir bayar bca mbanking tulis tagih bayar gimana woy bentar tgl juni tar gua kena denda engga gara telat bayar mei ini otak emang
358,krn negara biaya makan napi lepas krn jamin sehat iur bpjs naik krn subsidi bbm tdl subsidi cabut krn kerja layakkpd rakyat lapang kerja cm tka china
360,naik iur bpjs negara status darurat sehat terap new normal positif mati tingkat government ambyar kebohonganbaru
361,nemu cuit bpk naik bpjs kait penting sehat rakyat sesuai amanat uud pasal tuan mana diem doang stop bohong tutup bohong
362,iur bpjs sehat perintah konyol cabut putus rugi rakyat
363,alas naik bpjs sehat gugat milik empati konyol
364,trs pdip buat rakyat indonesia sembako or blt or cuman bs cela pimpin dki jakarta kerja rakyat indonesia bs ap cuman bs ny naikin bpjs sehat listrik sm harga bbm rugi rakyat indonesia yah gt
365,bangsat iur bpjs sehat resmi pandemi covid
366,iur bpjs sehat resmi pandemi covid serba serbi mmc perintah keluar bijak luka rakyat tengah pandemi covid iur bpjs sehat resmi protes kecam dr kalang
367,negara biaya rakyat bbm haruse turun turun bpjs sehat haruse isa gratis naik kl isa juang rakyat munduro ae cc
368,presentase rakyat miakin era turun bpjs sehat juta jiwa rakyat miskin tanggung negara orang kaya bpjs tanggung negara
369,politis gerindra level rakyat jg hak jamin sehat selamat jgn bpjs naik pajak tinggi gilir penuh butuh pokok rakyat gratis bulan sanggup
370,trs kerja kelen bijak rezim dongok simpang abai adil sejahtera sehat makmur rakyat cukong bebasin koruptor jeblos ulama mana suara ttg listrik bpjs bbm bacot abnormal
371,rakyat trs terus bayar pajak negara pajak kendara pajak bumi bangun pajak hasil bpjs sehat jg hrs dibyr
372,anjing iur bpjs sehat resmi pandemi covid
373,iur bpjs sehat resmi pandemi covid perintah keluar bijak luka rakyat tengah pandemi covid jamin naik iur tingkat kualitas layan sehat
374,fungsi new normal pengaruh bpjs askes sehat rakyat cover
375,klo balik gimana rakyat dah lelah mbiayai negara pph ppn pbb listrik mahal bbm mahal bpjs sehat negara hidup rakyat negara gerak mungut peser rakyat klo emang bukti jalan
376,iur bpjs sehat resmi pandemi covid perintah keluar bijak luka rakyat tengah pandemi covid iur bpjs sehat resmi protes kecam kalang
378,woii bayang tutup derita kanker gagal ginjal cuci darah derita sakit butuh biaya tolong
379,sumpal kapital tanggung jawab negara sehat rakyat jurus palak ala bpjs naik jaga satu nkri sah ruu hip peluang bangkit pki peduli negara nyawa rakyat jk akses tka buka pandemi
380,rakyat terus bayar pajak bpjs kaya apa rakyat rakyat rakyat cari nafkah bantu fakir miskin pelihara klean mesti cuci tangan pakai masker jaga sehat
381,sektor sehat bpjs suntik suntik
382,gilir amanat uud pasal layan sehat perintah naik iur bpjs sehat situ mingkem wakil rakyat prettt
383,iur bpjs sehat resmi pandemi covid serba serbi mmc perintah keluar bijak luka rakyat jamin naik iur tingkat kualitas layan sehat
384,bpjs asuransi sehat dasar emang hak warga negara asuransi sehat swasta manfaat untung bs luas fleksibel butuh mampu
385,bpjs sehat defisit kabar gaji tenaga medis d potong salur bantu garda depan covid d utama kemenbumn
386,gebetan tikung temen ups rela kejar
387,tolak lupa delapan mantan menteri sehat siti fadilah supari bahaya bpjs korban kapitalis harus bantu kapitalis
388,iur bpjs sehat resmi pandemi covid susah tambah susah astagfirullah
389,sehat jamin negaraa mas broo dlm uud presiden jalan amanah uud ekonomi negara persen bpjs naik bayang mas broo masyrakt hrus bayar bulan rb coba maka otak orang miskin
390,turut gausa subsidi samsek bbm ken subsidi bbm ujung utang pertamina mending dialihin bpjs didik sehat jabat gendut doang otak
391,alami migran ampun deh kena migran sakit kaya ketok palu biaya gimana obat
392,banyak mikir sakit tambah parah berat naik iur bpjs sehat
393,prnah dnger istilah potong kuku jari umpama kayak cocok analogi kondisi bpjs sehat
394,tenaga kontrak siar tvri egk dapet bpjs sehat bpjskesehatanri bpjs ketenagakerjaan bpjstkinfo egk thr liput musibah hujan longsor dsb gaji egk ontime kadang bayar
395,covid nambah bpjs kolaps sistem sehat runtuh nakes sakit lo nulis surat waris gaada guna
396,allah ngenes iur bpjs sehat resmi pandemi covid hidup rakyat iris
397,bpjs sehat resmi pandemi covid dzalimnya kuasa rakyat
398,gonjang ganjing banyak serta keluar jalur pbi jelas bpjs sehat
399,new normal fasilitas istimewa jabat lucut hasil sama umr kantor angkut sepeda motor mobil tnp iring iring fasilitas sehat bpjs blh milih kelas tdk prioritas apa piye
400,nutupin defisit bpjs sehat rakyat peras iur naik hadap menanagi corona covid rakyat suruh gotong royong sumbang gaji potong gilir penting kuasa cukomg perintah gelontor dana ratus triliyun
401,desa kota puskesmas klinik fasilitas sehat mumpuni rsud sistem antri bpjs herd immunity depopulasi rakyat
402,loh kaya kaya ttg pandang prioritas ttg sehat iur bpjs kelas naik knp pakai kelas gengsi makan tuch gengsi gratis daftar program indonesia sehat beres
403,mending bubar ruwet kelas hapus atur serta bpjs sehat
404,bijak naik tarif bpjs saat pandemi bijak miskin empati zalim upaya liberalisasi bidang sehat langgar konstitusi
405,gila bijak bpjs sehat untuk layan sehat masyarakat masyarakat balik tekan anggap beban kuasa bijak lindung bkan tindas warga
406,haris azhar rezim era jokowi kali abai hukum putus ma perintah presiden jokowi tentang putus ma naik iur bpjs sehat
407,bisnis tega hukum lihat kiwari hakim ma putus tolak naik tarif bpjs uji materi judicial review pp no jamin sehat rezim putus batal
408,rezimberjutakasus rezimberjutakasus jokowi nilai lembek psbb naik iur bpjs sehat download link
409,maaf uu no puluh thn ribu sebelas revisi masalah dlm bpjs sehat lanjut isi uu timbul polemik mustahil bhw hadir covid salah kutu uu
410,naik iur bpjs sehat perintah main rakyat rezimberjutakasus rezimberjutakasus
411,negara subsidi rakyat rakyat subsidi negara ms didu akun twitter uu bpjs peras rakyat perintah negara ambil alih tanggung layan sehat
412,phk penggaguran tambah bpjs nunggak bpjs tdk layan nunggak kena denda puluh jt rezimjokowipemusnahrakyat nunggak bpjs sehat ancam denda puluh juta
413,tuju gilir naikin listrik bpjs peduliin mampu rakyat negara milik sih tuju bentuk bpjs bantu masyarakat dlm bidang sehat peras rakyat
414,ngawur bijak rezim selamat isi perut pikir rakyat bye bye kelas serta bpjs sehat hapus
416,mudah omong bos asbun knalpot nyaring bunyi negeri kali urus sehat dicover bpjs mudah tercover kritik nyinyir om msaiddidu stopprovokasiditengahpandemi
417,kpk tata kelola buruk bpjs sehat potensi rugi negara
418,tarif iur bpjs sehat bpjs jamin kualitas layan kelas bpjskesehatan
419,krn perintah gk duit nyuntik bpjs kelas bpjs sehat kelas
420,juta manfaat maman iur bpjs sehat judul berita mewah isi henti click bait judul taik
422,tegas perintah payah disiplin warga psbb panjang jalan padat bandara pasar mall penuh orang tolol naik iur bpjs sehat ubah jadwal cuti dadak sy bingung sedih teriak kontol
423,keluarga putus henti bayar sda atur kelola sejahtera rakyat jual murah rumah sakit sehat diliberasisasi asai swasta bikin bpjs dalih iur negara tukang palak
424,jokowi naik iur bpjs sehat pemkot solo bayar angsur premi mei jokowi bpjs merahputih
425,putus presiden jokowi naik iur bpjs sehat gugat gugat atur presiden pres nomor aju mahkamah agung ma jokowi bpjs sehat
426,komunitas pasien cuci darah gugat naik iur bpjs sehat
427,nunggak bpjs sehat ancam denda juta denda kali lipat persen hajaarr tross rakyat perass kasih kendor yaa
429,anggar bayar premi pemkot surati bpjs sehat
430,politik hukum dri bentuk uu bpjs penuh hak sehat rakyat indonesia wajib perintah jamin sehat stlh keluar pres no thn cenderung wajib beban rakyat
431,sbuah institusi negara terang lawan hukum membngkang trhdp putus pngadilan bpjs sehat case abam reformasidikorupsi
432,staff bpjs asuransi sehat bpjs kes
433,salah bpjs mala rakyat kuasa nama iur sehat
434,ansori siregar naik bpjs sehat bentuk paksa masyarakat
435,naik iur bpjs sehat gugat gugat nilai ego sektoral tribunnews
436,indonesiaterserah jokowi nilai lembek psbb naik iur bpjs sehat
437,baru bpjs sehat defisit tulus abadi salah okok
438,jakowi gugat gara gara bpjs sehat
439,nunggak bpjs sehat ancam denda juta denda lhawong bayar iur berat bayar denda sak karepmulah sak neng puas-puasno kunu
440,serta bpjs sehat tunggak bayar iur henti serta
441,nunggak bpjs sehat ancam denda juta stress rezim orang susah naik denda
443,gila gin negara cari uang dah bubarin bpjs bpip rakyat ancam nabung celengan bebas denda tunggak bpjs sehat ancam sangsi denda puluh juta
444,btw paksa pake bpjs sehat ketenagakerjaan kerja bumn bpjs ketenagakerjaan udh beres cair tinggal nonaktif bpjs sehat henti alas bpjs haram judi stfu bpjs
445,kasi rakyat sembuh dr sakit hrs tanggung beban tunggak tanggung smp persen naik moga tumbang rezim amiiinnn nunggak bpjs sehat ancam denda puluh juta
446,denda mahal banding iur bpjs sehat sehat otak bpjs sehat instansi jamin sehat rentenir lintah darat tunggak bpjs sehat rumah sakit rekan bayar malu
447,asuransi jamin sehat beda asuransi profit oriented jamin sehat nasional jamkesmas rubah jd bpjs tuju jamin sehat dr negara mmg layan rakyat ambil untung dr rakyat layak usaha swasta bumn
448,bantu rakyat naik iur bpjs ugal ugalan kuasa hukum kpcdi rusdianto matulatuwa naik iur bpjs sehat jilid empati sulit warga pandemi corona
450,bpjs vs layan sehat khilafah tegak
451,sumpa yah sakit hati nakes rendah salah manajemen rs bobrok salah nakes bpjs atur nakes salah atur tri sehat tetep nakes salah jarang kata bantu apa
452,umur bpjs biro dukung jokowi stress tarix jabrix kaaaang perintah hapus kelas serta bpjs sehat
453,iur bpjs pas sedih sedih salah bukti bagus layan sehat khilafah papar sejarawan bangsa amerika will durant rumah sakit al manshuri kairo
454,krisis pandemi muncul gelombang anggur angka miskin tingkat beban ekonomi negara berat kondisi buruk sehat tata kelola bpjs sehat dampak naik iur premi pandemi
455,bubar bpjs dinas sehat dinas sosial daerah tangan butuh masyarakat obat jamsostek rumit rakyat obat rumit banyak cincong titik
456,hilang wo bpjs sehat premi ambil sehat jatuh tempo uang nambah ngurang ngomongin sisi investasi si asuransi poko asuransi pikirin manfaat uang
457,animal husbandry student prinsip bpjs sehat gotong royong tindas
458,situasi blm kondusif
459,intan fitriana fauzi rakyat tangung beban defisit bpjs sehat
460,tengah ancam wabah corona jokowi tega laku pres nomor enam puluh th ribu puluh ubah pres nomor delapann puluh th ribu delapan belas jamin sehat muat naik bpjs
461,presiden bpjs karna defisit ma batal naik bpjs perintah juli bpjs rakyat turun kelas melarat lihat rakyat peras alas defisit berbed negeri rakyat gratis biaya sehat
462,baju sehat bpjs kelas ngeluh kuat bayar pas mall buka langsung serbu belanja
463,menganalisa behaviour kelas tengah susah gampang pas iur bpjs kelas bilang susah kelas pas mall buka hambur belanja belinji kerumun indah protokol sehat psbb ancam covid
464,klo q sih tuju subsidi sehat bpjs klo pakai miskin obat perintah tanggung biaya
465,bpjs sehat skema asuransi ajar cina ambil konsultan asuransi sehat usaha china pantes ngikut
466,hhmmmmm iur bpjs sehat serta tunggak subsidi
467,mrk golong kelompok bpjs subsidi negara kelas jd mrk peduli sehat orang hepi ngapain susah
468,bpjskesehatanri pergi kantor bpjs sehat pakai jkn mobile psbb pergi situs suruh kantor bpjs pusing
469,suruh jaga sehat rumah ngeyel gilir bpjs rintih sengsara maki perintah dasar waluh godok goblok
470,narapidana bebas masuk sehat utama iur bpjs naik saat faktor ekonomi turun minyak bumi turun harga turun
471,pademi covid naik iur bpjs sehat miris rakyat
472,bayar bpjs sehat pd berisik bangke
473,bpjs bentuk ketidakmampuan negara dlm layan bantu obat sehat masyarakat pungut upeti masal ancam
474,muslimahnews sejal bpjs salah arah mala sistematis nama sehat layan sehat gratis kapital pikir hidup mati rakyat untung rugi negara
475,pake bpjs sembuh sembuh pulang ngerti deh bpjs ngomongnya asuransi sehat eh serta sembuh bawa rumah sakit make bpjs bayar bulan laku beda
476,perintah gesit kasih uang bumn pelit bpjs sehat defisit
477,iur bpjs sehat mandiri butong main main urus rakyat
478,politisasi bpjs bantu negara jebol apbn tanggung sosial negara tanggung nilai ambil misi negara bantu orang miskin akses layan sehat
479,nakes klinik bpjs ku daftar anggota jamin sehat tsb huft
480,haram ubah ente laku ajar fakta bpjs akad transaksi haram bpjs salah satu islam kenal asuransi sehat ketidakjelasan pinjam manfaat bpjs hadiah
481,mahal e ratus puluh rb bpjs sehat pet
483,nyata sikap gsbi tolak naik iur bpjs sehat tuntut cabut pres nomor enam puluh ribu puluh salam demokrasi pandemi covid tengah situasi ekonomi rakyat merosot
484,mkan susah mo byar denda nasib nasib terserahloedeh nunggak bpjs sehat ancam denda puluh juta
485,cemanalah org fokus covid fokus naik iur bpjs sehat terserahindonesia
486,sehat tanggung negara gabisa atur tangan maksimal ngomel mentang bpjs bingung
487,kl slalu berfikir kasih nama bpjs jaring sosial tarif ganti nama asuransi negara uang urus sehat rakyat point tekor
488,iya jg heran ngomong skrg mobil esemka gmn kabar hyundai salah tim favorit juara ajang wrc esemka produksi bpjs sehat defisit salah kelola
489,rezim tindas kuasa gilir naikin iur lambung laku juli gilir turun kelas tunggu bpjs sehat defisit salah kelola gaji direksi rakyat korban
490,sy tdk protes naik iur bpjs jokowi bubar bpjs kembali tanggung perintah kait sehat rakyat tanggung badan usaha bpjs bpjs waris buruk rezim sbyudhoyono pd tindas ketimbang gotong royong
491,lha iyo bancak jokowi hadir selesai jabat jahat rakyat alat iur iur bpjs sehat alas defisit
492,emang lo bpjs sehat mandiri sanggup bayar surat terang miskin lurah biar lo keluarga tanggung negara rezim arab saudi firaun naik pajak biaya umroh haji rezim arab saudi firaun
493,guna dpri rapat paripurna habis miliyaran duit negara unyuk bahas bpjs guna yahh presiden naik iur sehat tenang politik diam jilat tenang lupa rakyat
494,bubarin skalian bpjs pemrintah jgn main asuransi jamin keshtan rkyat sesuai sj kmampuan ngara biar bisnis kshtan swasta rkyat ken sht tdk hny lwt medik sontoloyo gtongryong dijdkan alas kedok bisnis sehat
495,asuransi sehat lambat bayar denda asuransi sehat wajib org bpjs dr jmn sby rusak rezim skrg aku sh junjung gagal urus bangsa
496,bpjs sehat defisit salah kelola salah rakyat lagi
497,si cocot otak mampet bpjs layan sehat masyarakat kalsu uang layan jalan sesuai pd stop total
498,bubarin bpjs beres sulit butuh prosedur famili teman sakit parah gk bpjs lgi contoh doa dzikir smoga alloh sehat berkah
499,sehat hukum jadi tonton sirkus hibur naik bpjs batal ma sambut atur muatanya atur naik bpjs jadi putus ma konsideran lucu negri jenaka
500,bpjs core bisnis sehat kesejahteran kelola tdk rakyat indung konyol coba liat gaji
501,bpjs rawat inap sngat bgs rwat jln enak tmpat sy krj sakit cover kntor bijak alih bpjs pemeintah kecewa hrs syukur org bs rasa layan sehat skrng rawat jln mending biaya
502,bpjs pandemi covid bijak bijak bilang anggar bisa alih covid iur sehat masyarakat manfaat situasi tengah pandemi gimana
503,orang sakit enak orang bodoh harap bpjsnya syarat bpjs sehat orang tsb sakit
504,omong mreka sengaja biar dengar masyarakat awam pikir perintah beban rakyat naik iur bpjs sehat tuju subsidi silang jd naik iur naik
505,akibat rezim ambil sempat dlm kondisi skrg harga bbm segitu turun untung dalam gk untung tsb ringan fasilitas sehat rakyat sprti bpjs gk brrti mana lari untung tsb
506,iur bpjs akibat serta tertib bayar iur bandingin askes sm bpjs bpjs kes masyarakat paksa investasi sehat pola hidup sehat neg sakit perintah nanggung cuk utekmu goblog men lho
507,woi anjing manusia kikir lo bpjs subsidi silang warga miskin gk bayar bpjs bantu perintah membiayain awat corona bpjs lo murah asuransi sehat lo inget yah bpjs mahal krn subsidi silang rakyat miskin
508,naik iur bpjs sehat kondisi masy sulit pandemik covid bijak tdk pakai akal sehat sgt berat masy fasilitas sehat
509,kondisi sehat buruk spog nanganin sub spesialis fetomaternal kontrol muahal bujang bahagia bpjs cover lho terimakasih bpjs
510,dear all perintah dah ngga mikir ngga mundur baik sbg warga negara jd serta bpjs sehat sdh bayar kelas 1 ayo rame pindah kelas biar dpt subsidi sriotakmukemana
511,dampak akibat naik iur bpjs sehat turun kelas bayar naik dicover bpjs
512,sy jg hidup sejahtera bos sy harap perintah sy harap perintah presiden jaga kondisi negara aman biar bpjs sehat tdk salam
513,gimana bahas pakai bpjs sehat dampak akibat naik iur bpjs sehat owner sih bahas tau
514,sehat didik tanggung negara malakini rakyat bpjs
515,ajar politikus kampanye didik sehat gratis percaya lihat politikus koar pilih sehat gratis raka diam bpjs loh
516,konsep bpjs konsep konsep bpjs jalan sesuai bangun fasilitas mutu sehat rumah sakit daerah rumah sakit hak anggota bpjs batas kaya pesrta bpjs
517,iur segitu komplain bayar asuransi keeehatan non perintah ratus rb gabung test sehat bpjs dfn iur minim sakit tanggung serta tdk seleksi komplain
518,kalok udh tau sulit napa bpjs ngajuin keluarga miskin aj biar sehat d bantu perintah bpjs program bantu iur
519,bpjs rancang tuju bantu iur bpjs trus bayar perintah trus iur gimana nasib beda program sehat gratis masyarakat bayar urus pusat
520,tau brp hrg asuransi sehat cakup sakit cover sy tau brp hrg obat leukimia cuci darah seblm bpjs bpjs layan jelek tindas klo rs obat generik harga gpp sy blm sanggup byar asuransi swasta soale
521,rakyat miskin rugi naik iur bpjs rugi bela tolak naik iur bpjs sehat ngotot narasi bela rakyat miskin akibat naik iur bpjs sakit
522,jokowi tau dapat anjlok bpjs msh naik klo bpjs gk sanggup jd wadah rakyat ringan biaya sehat lbh bubar kembali program sehat perintah biar kaya bayar uang tdk bantu si miskin
523,jiahh situ ngga kuat ngutang ngga turun iur bpjs sehat
524,iur bpjs tuju jamin sehat nasional disalahgunakan keluh bayar pake uang sama jabat masyarakat ngerti stafsus smi
525,ngilu kacida weh geusmah bpjskesehatan bbm teu diturunkeun janji pimpin keur kampanye nu rek ngabela rakyat leutik
526,kerja rumah maha dahsyat kelola jamin sehat sosial masyarakat perintah benah spt mendahulukeun telur ayam mendahulukeun layan iur sadar sih bayar vs pakai bpjs
527,lhooo sadar serta jamin sehat sosial masyarakat tarik bayar duluan sakit praktek ndaptar bpjs bayar cari layan sehat pas sakit sih hehehehe
528,diturunin gaji direksi n jabat bpjs tenggang tenaga sehat kerja jabat bpjs kaya makan gaji buta manajemen ngak beres
529,emank mudah tuju negara bangsa jamin sejahtera rakyat rakyat nikmat hidup mewah hisab dana negara bilang subtansi bpjs sedia akses sehat masyarakat bwh
530,bpjs gimana nggak bangkrut byr iur mandiri hbs operasi puluh ratus juta sembuh nggak bayar iur gaji direksi bpjs jg jgn lewat tinggi tenggang tenaga sehat
531,optimal lahan tidur sbg kuari hasil untung daripada tuk bayar iur sehat warga bpjs sama kelas hak warga lokasi tsb serta bpjs kls bayar dr hasil kelola lahan kolektif tsb
532,bikin urung bpjs biaya orang sengaja ndak peduli sehat trus sakit orang kanker paru ngrokok orang gagal ginjal jaga makan pas diabetes
533,lbh risau rencana jangka tengah rasionalisasi layan program dasar butuh dasar sehat layan tanggung bpjs tara layan tingkat faskes puskesmas ngga aware tutup isu iur
534,anak orok lahir tau bhw jokowi sengsara rakyat lucu fikirannya dtg iur bpjs sehat naik tpi sdh sadar duluan bhw rakyat tunggak krn tdk byr tpi naik iur
535,saat perintah ngasih jamin sehat warga banyak guna bpjs muter otak biar makan orang model ckck
536,rakyat peras vs bpjs berpoya bpjs tangan sosial sehat rakyat tatakelola standar sejahtera pegawai ikut standar bumn murni bisnis lebih sejahtera pns polri dn tni salah akibat defisit
537,dungu bpjs sehat program bangtu bantu bantu jngan loe rusak ambisi bodoh loe
538,ulah oknum banget manfaat bpjs hilang masy gol tdk bs dpt akses sehat
539,gk ndleming asuransi sehat pyur premi juta org sebut usaha asuransi jenis asuransi gk ndleming asuransi tabung uang nasabah klo bpjs emg klo gk pakai uang iur ambil
540,bubar bpjs krn sjk lbh polemik nyaman direksi gaji ratus juta fasilitas spt jabat negara negara ngrsin sehat rakyat miskin tengah atas suruh asuransi sehat swasta sj
541,bpjs vs asuransi sehat pilih bpjs murah jamin mudah klaim iur tinggal ganti pilih asuransi sehat ngamuk hidup pilih cooook
542,gerombol kadrun netizen rame awal paham masalah diam bpjs sehat dah buka otak skrg kadrun netizen oon rame koment ttg new normal kemarin tuju gaduh satu rame awal
543,mau off serta bpjs sehat boleh bu jamin sehat notabene perintah wajib jamin sesuai amanat uud paksa ancam denda tagih debt collector
544,pdip aku alas perintah naik iur bpjs sehat rakyat marginal alas bokek pdip payah
545,maaf berat silah henti anggota bpjs cari asuransi murah gitu mana letak tanggung perintah sehat warga negara
546,kaji kpk akar defisit bpjs sehat inefisiensi simpang fraud naik iur bpjs nama rezim brengsek layak bubar
547,kagak peduli elu naik iur bpjs elu kagak maksa rakyat bpjs rakyat hak pilih program sehat mana program elu ndro
548,bener zalim iur bpjs sehat din syamsudin zalim nyata
549,jokowi kuat sejahtera rakyat sengsara rakyat turun pulang solo sial luh netizenemosinyasudahdiubunubun
550,sehat masyarakat jamin bpjs din juang banyak komentar solusi anak
551,hemm logika dungu klas klas drun klas gratis tetep gratis ngook loe goblok tung jadiin bumper orang kaya bayar bpjs bnyk asuransi sehat swata ajar malas ngetuit ma dungu akut
552,haiyaaa si udin ngamuk din syamsuddin tuduh rezim jokowi zalim thd rakyat naik iur bpjs sehat potensi jadi masyarakat patuh perintah
553,bahasa hebat banget rakyat selamat bpjs trus mana peran negara perintah selamat rakyat serba balik
554,kaum togok dungu maju bela bangga bangga
555,hancur krn salah milih pimpin tamat
556,anggota dpr ri dapil yaa bahasa lugas tajam aspirasi rakyat anggar sehat triliun knp iur bpjs sehat naik harus anggota dewan diam meng amin lawan
557,salah kelola rakyat korban naik iur bpjs sehat
558,dalih perintah urgensi gk tambal hidup lagintuh bpjs sanggah data rinci kontra perintah dah menfakui mafia sehat liat tindak berantas
559,iya bayar iur bpjs kelas bayar kuasa tunjnagan sehat buzze
560,goblok bego bs baca erti tulis dlm atur naik bpjs sehat bodoh
561,sedih sih dok sampe layan sehat msh kapital huhu bpjs berat
562,klo anggur bayar bpjs klo gk kerja serta ketenagakerjaan mas tdk dlm program bpjs msh ad asuransi jamin sehat kartu indonesia sehat skm jga penggauran jadi contoh
563,buahahaha iyain deh bpjs sehat ketenagakerjaan anggap konteks pdhl skali beda contoh anggur dy bs jd serta bpjs sehat bs jd serta bpjs ketenagakerjaan xixixi
564,jokowi sok tau usil sok nasehat deh urus perintah bpjs bertanggungjawab langsung kpd presiden jokowi
565,sanggup munduur perintah konstitusi jokowi bpjs sehat defisit salah kelola
566,pale lu peduli lu circle lu kaga peduli tenaga sehat rakyat kena imbas naik bpjs tdl sembako bbm situ sehat mikir otak
567,ra mashok ngerti ra mengatasnamakan negara poin mo nyindir rakyat ujung rakyat kambing hitam embel sehat pandemi hasyu perintah ngotak dikit kek dah duit bagi butuh jugak mentok bpjs tok
568,mala tpi masyarakat syukur bpjs jamin sehat jamin butuh kelas n kelas perintah subsidi
569,cukai rokok gunung bromo suntik dana partai bumn proyek proyek jatah uang jabat sehat bpjs paksa peras rakyat negara bodoh
570,pantesan orang naikin bpjs sehat ketua mahkamah agung turun bpjs sehat pensiun ganti sucks
571,rakyat rugi bijak salah arah vangke ramai ramai warga tolak naik iur bpjs sehat
572,kader partai korupsi syapi sok bela rakyat krn naik iur bpjs isi otak lup koleksi bini muda dasar manusia munafik bangst
573,naikin bpjs baik layan kualitas sehat rakyat badan selenggara bpjs defisit rakyat nutupin ras uang rakyat gaji hadir adil sejahtera rakyat
574,jahat kau zon klo kau corong suara rakyat kau dukung nikmat bpjs masyarakat zon masyarakat kelas berat naik fasilitas sehat
575,ketua mui dl bpjs sehat haram mbalelo jaman jaman bahaya waspadalahh
576,sadar sih tdk serta kelas orang kaya orang kaya engga pake bpjs mrk asuransi sehat fasilitas kamar vvip mahal empat sedikit pd rakyat nggak sanggup bayar iur bpjs menkeu nyuruh turun kelas
577,licik bpjs jamin sosial nasional sehat era kelola akal pakai asuransi
578,lu beneran g bpjs jamin sehat sok nama purapurabahagia niyee
579,simple bpjs sehat ramai servicing bener perangkat rumah sakit ramah pegawai benah bayar layan gitu pake bodoh
580,bohong jkn bpjs jamin sehat kapital bidang sehat butuh pokok wajib perintah rakyat bayar sistem mala
581,bpjs bentuk lepas tangan perintah wajib sedia layan sehat warga negara kapitalisme terap serba kapital mana hubung negara rakyat bangun atas hubung bisnis
582,pamor jokowi anggap jatuh gara gara naik iur bpjs sehat kali pamor jatuh buzzer agung
583,mending bpjs sehat dtiadakan sj krna klo hnya sengsara rakyat
584,auto bakar kartu bpjs sehat bakar naikin tarif takut dosa eh sebenernya dosa sih ngebunuh dajjal dosa takut penjara muak total si goblok
585,pola pikir jabat kayak gin oiya gaji aman sih defisit negara hadir meres rakyat orang kaya pake bpjs pakai asuransi sehat bagus bpjs turun kelas orang kaya
586,perintah pusat bpjs kelola asuransi jamin biaya sehat rakyat mending ngaku gengsi malu lha koq kasar kok ngaku pro rakyat urus sehat rakyat biar murah paham
587,apa alas naik iur bpjs wabah covid tengah sulit ekonomi masyarakat tanda putus bijak tdk peduli pd sulit rakyat alas klaim perintah naik iur bpjs sehat
588,naik bpjs sblm wabah covid corona gugat n menang ma proses hukum pk suk teriak mang klu sakit lsg bantuin rakyat contoh gakbener dki urus bansos manpu gmn urus sehat indonesia
589,idtodayco media kadrun narasi sesat pantesan kadrun tolol naik iur bpjs sehat jokowi sengaja sengsara rakyat
590,kelas tdk rakyat miskin gratis mo naikkin citra wawas ralat neh iur bpjs sehat wabah corona
591,mebel vs dealer amat politik rocky gerung pres jadi landas hukum naik iur bpjs sehat seoalah tentang putus mahkamah agung sifat binding ikat
592,naik iur serta bpjs sehat pandemik bijak pro rakyat patut kritik partai dukung bijak presiden jadi tolok ukur pimpin pdip musim pilih
593,klo pake bpjs lu bs pake prudensial asuransi sehat bebas knp lu bego sih
594,sih bpjs gotong royong ngobati orang gk bayar sehat gk bayar bpjs urun sehat jd seeetttttruukkkk gara bayar bpjs
595,serta bpjs sehat dukung juang fraksi pks orang dungu salam akal sehat
596,ngatain bego lu jg goblok program kluarga lu pikir bpjs sampe program gratis biaya sehat lu pikir mikir
597,laaah ambil untung dasar bego kayak pake asuransi sehat tinggal bpjs mahal mending alih aj mandiri in health uang sehat pakai asuransi mandiri in health layan
598,ruar khalifah umar rakyat beban naik bpjs sehat
599,naik bpjs sehat bikin jokowi dlm bahaya impeachment mata moga tdk tambah derita rakyat
600,bijak naik iur bpjs sehat jokowi mendapata sorot walikota solo anggap jokowi sengsara rakyat
601,naik langsung operasional bpjs sehat bajing dana operasional bpjs sehat
602,bpjs sehat utang jatuh tempo triliun rumah sakit
603,tdk butuh pikir modern butuh pikir awam contoh bpjs dah bantu sehat perintah suruh bayar emang jual bpjs jual gandeng pertamina bpjs plus premium
604,gagal jalan amanat uud uud tsb adlh lindung segenap tumpah darah indonesia
605,waras si jolowi nggak mikir rakyat krn indonesia
606,naik bpjs sehat jokowi nilai sengsara rakyat
607,tanda negara uang bpjs sehat naik lawan hukum ma sejahtera rakyat peras pandemi covid tuk makan hari sulit
608,sehat sakit bayar iur sehat cebong tuju naik iur bpjs hati ngamuk tetep hore ada sesal salah pilih bong
609,ngotot naik iur bpjs sehat presiden jokowi tonton tabiat puji
610,iur dirut bpjs sehat bela si nganu tuuuh dirut bpjs bela rakyat apes bgt rakyat indonesia
611,bubar bpjs sehat argumentasi alas bpjs sehat bukti sah
612,bayar bpjs sehat empot empot sampe nunggak suruh nyicil rumah tua hadeh ngape coba dasar anjing
613,tdk pnh blg tolak bpjs inti diskusi adlh kpd pres tdk tentang subtansi ada bpjs fungsi masyarakat bwh akses sehat pada spt pasien asuransi premium
614,prank uni kala suka iur bpjs sehat batal naik kuat hukum bayar bpjs sehat buruh kena phk penuh butuh hidup bpjs sehat anggota dasar rezim babi makan sampah
615,bubarin aje bpjs sehat kembali uang rakyat
616,pimpin hati harus sehat rakyat tanggung negara prnimpin bilang khulafaur rasyidiin naik bpjs rakyat susah zholiim
617,hahahaha impeachment jokowi gara bpjs sehat patut duga curiga prosesor hukum pakde jujur pilih jokowi capres kemarin harap kabinet menteri periode eh periode menteri
618,pilih bubar bpjs sehat indonesia bubar
619,klo kpingin cepet turun tenaga sehat mogok kerja klo bbm ama bpjs turun
620,pimpin nurani rakyat puruk dlm hadap wabah virus corona iur bpjs sehat naik pikir ringan beban rkytnya saat situasi spt ambil putus sengsara rakyat
621,dilam bpjs sehat warga negara wajib milik bpjs sehat sdh daftar henti anggota kecuali tinggal mati turun dana zolim dasar
622,harap sakit parah sih kek biaya sehat segitunya opname habis segitu jg asuransi dr kampus bayar pake ukt make bpjs
623,dlu bpjs harap sehat masyrakat tdk sungguh ironis
624,kondisi sulit alas naik iur bpjs sehat pura bodoh bodoh beneren
625,tambah atur telat mbayar kena denda ogah bayar gratis biaya sehat perintah dn bpjs berzifat sosial gotong royong sifat pajak dn bentuk asuransi sehat jd dampak sakit
626,rakyat indonesia ikut bpjs ken ikut program gotong royong bidang sehat skrg asa jebak cm bs henti tinggal g ngelapor tinggal ttp kena tagih lg hts bayarin kk saudara pd g gila
627,wow bodoh banget nggak makan berita bpjs sehat ketenagakerjaan
628,tuju sby bpjs gotong royong bidang sehat nominal tdk berat serta jokowi bpjs jadi alat peras rakyat
629,info psbb cicil minggu total bulan sampe tugas sehat baper turun derajat hastagnya info bpjs kerap php nek turun kek viralnya influencer otak tinggal truslah karya bodoh yah
630,bodoh tetap hukum mahkamah agung cuek naik tarif bpjs sehat lanjut buruk susul tunggu buruk muncul kah jengah
631,bpjs jamin sehat tanggung negara defisit negara nanggung sekitar istana project prank kerja genah bpjs uang tolol banged sik dibodohin mulu ama rezim
632,wajib entah salah satu jamin sehat jelata beban naik bpjs beban gotong royong jelata suruh bayar pajak baca buku john perkins biar kmn pergi pajak negara brkmbang
633,alah gotong royong sehat kampung bentuk republik bpjs
638,jokowi tekan pres 2020 ttg ubah pres 2018 ttg jamin sehat naik iur bpjs sehat batal ma naik presiden dmn nurani pimpin membebanirakyat
639,naik iur muncul bpjs bukti lepas tangan perintah tanggung layan sehat rakyat
640,bijak naik iur badan selenggara jamin sosial sehat bpjs sehat sehat nilai blunder anggap turun pamor presiden joko widodo
641,iur bpjs sehat naik sembunyi mana otak perintah
642,hahahaha dah injak ngelawan usaha sdh nanggung bpjs sehat bpjs tenaga kerja pajak hasil tambah lg tapera
643,bubar bpjs sistem urus sehat masyarakat urus pemda
644,din naik iur bpjs sehat tambah susah rakyat
645,naik iur bpjs sehat pandemi zalim
646,bpjs sehat jokowi sikap arogan
647,sih brfikir jokowi curiga hati drpd prakerja mending anggar nutup bpjs sehat
648,nunggak hutang beda bahasa ajah nunggak iur bpjs bayar papa pokok enam discroll twits jelas situ bijak iur bpjs sehat pandemi
649,intermezzo bahas contoh lawan komunis kelas bpjs mreka juang kelas sosial bayar sekian smua dapet laku sehat
650,mending klo ekonomi sehat ekonomi mblangsak bukti selisih harga bbm embat bpjs nyekik leher
651,bpk naif dukung scr babi buta lach naik iur bpjs sehat
652,naik iur bpjs menandakakan ketidakmampuan negara tangan pembiayaaan sehat warga negarannya
653,partai loo ngapain senayan ngocok iur bpjs sehat wabah corona ahy jatuh timpa tangga
654,alih bantu rakyat beban rakyat bilang naik dlm kondisi krisis spt skrg beban rakyat
655,bikin jokowi takut umat islam murka rakyat marah
656,covid tdk hilang dr bumi hrs buat umat manusia duduk bumi perintah jngn naik bpjs sehat rakyat dlm kondisi sulit jngn beban masyrkt
657,jalan program bpjs mudah hadap lawan usaha farmasi rumah sakit swasta asuransi sehat satu dokter mikirin orang ekonomi lemah indonesia emang pakai bpjs
658,nyinyir pake asuransi sehat swasta tau pake asuransi swasta kena limit premi banget beda bpjs skrg pasang ring jantung mrk coba gk pake bpjs wani pasang
659,jatuh timpa iur bpjs sehat
660,stop bayar bpjs bpjs hak sehat rakyat hutang upeti kuasa cair kembali uang umpama hidup rakyat tdk bpjs
661,serta mandiri enak tinggal bayar selisih serta pbi tinggal regulasi surat penuh lapor dinas sehat perintah dinkes bayar selisih bpjs
662,potong wajib bpjs sehat potong duit diinvest negara iya klo cuan klo kayaak jiwasraya gmane bos modal kagak buntung iya krain dapet program rumah dpet surat utang negara lot otak malesin ni org
663,rs curangin bpjs paket biaya sodor standar rs paksa terima organisasi profesi sehat ajak buat paket tsb nol
664,menteri bilang sanggup bayar iur bpjs sila turun kelas komentar sanggup urus sehat rakyat sila turun jabat menteri cuman makan gaji buta
665,goblok borong om presiden sdh taat bpjs sdh turun lha tau bpjs turun asuransi sehat non bpjs itu bayar negara malu kmu zon
666,dana bpjs tdk ratus persen sehat direksi tdk transparan tdk audit kerja bpjs bpjs defisit
667,coba lihat sudut pandang bpjs rakyat penuh jamin sehat rakyat tahan makan naik bbm diturunin inflasi begimane wkwk krismon
668,virus corona hantu hidup rakyat indonesia hantu tambah iur bpjs sehat subsidi elpiji kg cabut jual beli online kena pajak puluh persen emang negara bangsat penuh rezim otak
669,buka lowong bpjs sehat batal rekrut buzzer nasib negara presiden jokowi koclak lembaga an
670,jokowi tepat janji jurus ketemu tri sehat naik iyuran bpjs pirsa harap sabar otak belah
671,gitu kronologi anggar sehat triliun knp iur bpjs
672,presiden bilang bpjs sehat defisit salah kelola solusi naikin gaji direksi iur serta ambyar
673,masyarakat timbang hapus eh laku gila
674,cari jalan peras rakyat legal batal ma buat pres jokowi kali naik iur bpjs sehat rezim bangsat
675,bpjs ganti nama badan iur rakyat berita ngomong sehat
676,bpjs sehat mengcover orang sakit orang goblok
677,bpjs karna rayu presiden menang pilpres wilayah mantera menteri tanggung tunjuk ksatria presiden tulus junjung uud sejahtera rakyat bidang sehat pidana
678,beda kelas sby bpjs peduli jkw bpjs beban sby bpjs solusi sehat jkw bpjs putus ma jalan
679,sesuai besar iur bpjs sehat langsung layan sehat rakyat korban kapitalis harus bantu kapitalis
680,cucok nih blacklist bpjs nakes alkes fasilitas sehat etapi reak negara diskriminatif hadeeuuuhhhhh rese beud yaaa
681,iur bpjs sehat paksa gotong royong
682,jokowi tekan pres ttg ubah pres ttg jamin sehat naik iur bpjs sehat batal ma naik presiden dmn nurani pimpin membebanirakyat
