text;sentiment
masyarakat mudah layan mata fasilitas sehat tingkat;Positif
bpjs sehat ketenagakerjaan manfaat bagus;Positif
alhamdulillah bpjs sehat bener bantu warga pandemi;Positif
bpjs iur banding premi asuransi sehat poin plus;Positif
naik iur org hasil minim bpjs subsidi perintah;Positif
manfaat berkat jkn kis serta bpjs sehat lancar jalan cuci darah;Positif
terimakasih bpjs karna tanggung obat kalau bpjs tau bayar;Positif
jkn kis harisomawati salah serta bpjs sehat lancar jalan cuci darah;Positif
salah fasilitas bpjs sehat jalan cuci darah gratis bukti;Positif
harisomawari salah serta jkn kis lancar jalan cuci darah fasilitas bpjs sehat;Positif
syukur masyarakat bantu banget jkn kis serta bpjs sehat lancar jalan cuci darah;Positif
bpjs sehat bantu warga pandemi;Positif
konsul sehat mental pake bpjs manfaat;Positif
naik iur bpjs biar bpjs hidup bayang bpjs tanggung biaya rumah sakit;Positif
bpjs wajib sehat ketenagakerjaan ketenagakerjaan lumayan banget guna;Positif
alhamdulillah terima kasih lunas tunggak bpjs moga sehat;Positif
alam nunggu ortu hemodialisis bersih darah jadi panik jamin lancar berkat jkn kis;Positif
iur bpjs naik langsung sehat rakyat;Positif
antri pagi bpjs sehat samsat bulak kapal bekas pake masker jaga jarak;Positif
naik iur langsung bpjs sehat yuk;Positif
hadir program jkn kis buka akses layan sehat jangkau kualitas bantu;Positif
wabah corona bpjs layan sepenuh hati baru nih masyarakat aplikasi daring bas media sosial cika suara interaktiv jkn coba;Positif
guna vika chika manfaat salah satu dukung social distance rumah ecek tagih adu coba nih;Positif
inovasi bagus tengah wabah corona dkeluarkan bpjs sehat mana serta aplikasi bas medsos chat jkn chika voice interactive jkn vika;Positif
suka balas cepat cepat balas chat doi;Positif
layan vika chika bpjs sehat ri mudah masyarakat ecek status tagih serta jkn kis pokok support bpjs sehat nih;Positif
ecek status tagih serta jkn kis bpjs sehat care center layan vika berita adu chat asistant jkn chika simple praktis;Positif
bpjs sehat bantu masyarakat layan informasi vika chika;Positif
bangga support bpjs sehat dukung layan vika voice interactive jkn chika chat asistant jkn masyarakat layan;Positif
senang banget bpjs sehat lengkap layan dukung vika mudah akses;Positif
tau nih layan aplikasi mobile jkn aplikasi mudah masyarakat online kantor bpjs sehat;Positif
bpjs sehat layan baik pandemi covid;Positif
bpjs sehat cuci darah mudah;Positif
sadar informasi banget teliti alas iur;Positif
kelas kelas negara hadir bantu masyarakat;Positif
kali dangkal informasi riuh baca biar paham kait bijak bpjs sehat;Positif
gotong royong baik iur bpjs sehat;Positif
naik tarif iur bpjs opsi sulit langsung bpjs sehat jamin sehat masyarakat;Positif
sih bpjs tutup bikin susah rakyat sesuai tarif bpjs bantu masyarakat butuh;Positif
paham yuk dukung apa putus moga layan;Positif
perintah bantu iur serta bpjs sehat moga bpjs sehat layan baik masyarakat;Positif
bpjs sehat mending hapus baik kalau sih bpjs layan sesuai tarif;Positif
perintah usaha bantu masyarakat layan sehat baik moga tenang masyarakat;Positif
ilustrasi kartu ambar serta puas layan bpjs sehat;Positif
ngerti iur kelas aman berat;Positif
jelas iur bpjs kontak mudah paham enak banget;Positif
pasti mending baik hapus kasi butuh;Positif
mending hapus baik sih hapus rasa dampak positif;Positif
atur iur bpjs sehat tetap perintah tuju tingkat fasilitas;Positif
polemik bpjs sehat iur naik protes tepat salah paham rakyat miskin bantu tanggung;Positif
tau gin bpjs mending hapus lanjut kalo mending lanjut benah manfaat;Positif
pribadi pilih bpjs sehat baik prinsip gotong royong tolong dalam;Positif
perintah atur tuju benah depan layan terima masyarakat maksimal;Positif
mending baik masyarakat puas layan bpjs sehat rasa manfaat;Positif
cuman pilih bpjs sehat mending hapus baik sih tuju baik manfaat;Positif
lanjut bpjs penting azas manfaat terima dukung;Positif
pribadi pilih bpjs sehat baik prinsip gotong royong tolong dalam manfaat;Positif
bpjs manfaat;Positif
sumpah baca bpjs kesel tau tenang;Positif
pakai bpjs kan senang gratis;Positif
serta jkn biaya perintah berat;Positif
fasilitas serta turun kelas bpjs sehat panjang program super praktis berat;Positif
iur tapera bpjs sehat naker tuju pajak bea cukai ppn;Positif
aplikasi mobile jkn pandu layan milik bpjs sehat serta bpjs sehat care centre manfaat;Positif
malam teman teman layan bpjs sehat ini layan pandu milik bpjs sehat mudah masyarakat;Positif
bpjs sehat chika vika bantu masyarakat;Positif
fasilitas serta turun kelas bpjs sehat panjang program super praktis manfaat;Positif
awat pasien covid klaim perintah hasil pcr positif hasil pcr hasil negatif pasien tanggung bpjs sehat pasien serta bpjs sehat;Positif
layan tingkat alfian manfaat jkn kis;Positif
mobile jkn mudah komunikasi serta dokter;Positif
layan pandu milik bpjs sehat serta serta puas layan;Positif
info lengkap layan pandu milik bpjs sehat serta manfaat;Positif
susah pandemi bantu layan aplikasi bpjs sehat mobile jkn care center fasilitas chika vika bismillah moga lanjut;Positif
bayar bpjs sehat pdam pln rumah;Positif
hubung bpjs sehat mobile jkn care center chika vika bpjs enak layan;Positif
infografis bpjs sehat mudah paham nih;Positif
layan pandu milik bpjs sehat serta teman cek bantu biar paham;Positif
layan pandu milik bpjs sehat via online offline serta bantu;Positif
kerja gaji potong iur syukur kerja mikirin hak karyawan sehat jamin tua banget kerja swasta mikirin begitu kerja sampe tahun bpjs sehat;Positif
layan aplikasi bpjs sehat manfaat masyarakat mobile jkn care center fasilitas chika vika pokok mudah akses sehat bantu;Positif
bpjs sehat pandu layan serta mudah guna;Positif
guys kasih tau nih layan pandu milik bpjs sehat serta manfaat;Positif
bpjs sehat care center layan serta jkn kis puluh jam bantu;Positif
bpjs sehat milik pandu layan serta loh mudah serta bpjs aksen;Positif
layan bpjs sehat akses serta mudah serta;Positif
gimana nih layananan bpjs sehat maksimal layan sedia serta mantap sih;Positif
pandu layan bpjs sehat harap serta puas cek mana layan serta puas layan bpjs sehat;Positif
mudah bpjs sehat serta layan pandu gambar;Positif
pandu layan milik bpjs sehat mudah layan;Positif
perintah bantu serta jkn kis kelas;Positif
sih bpjs tau latar belakang nge judge iur bawah standar manfaat sungguh resiko butuh naik iuaran bpjs sehat sehat serta;Positif
serta jkn biaya perintah serta segmen terima bantu iur program jamin sehat nasional kelola bpjs sehat;Positif
berita komplit kasih rumah kaga bpjs untung sehat dicover bpjs tapera gimana;Positif
bpjs sehat perhati derita hipertensi diabetes covid;Positif
bpjs layan juang haryanah jalan kemoterapi jkn kis;Positif
chika sahabat serta jkn kis mudah masyarakat;Positif
bpjs sehat pati salur bantu bpjs peduli bantu masyarakat;Positif
iur bpjs naik bpjs ngga bangkrut beban sehat tanggung bpjs capai puluh koma milyar kelas subsidi perintah ngga subsidi dah lu koar koar;Positif
bijak spirit bagus diterapin negara tuju bantu butuh tinggal layak tinggal implementasi sampe jadi kayak bpjs sehat rugi;Positif
prinsip program tapera bpjs sehat bpjs ketenagakerjaan inti serta bayar iur tapera simpan benefitnya serta nikmat manfaat bpjs sehat obat gratis terms and conditions;Positif
iur bpjs tk sehat iur tapera tabung wajib kerja uang kelola softloan sedia huni layak beli bangun rehab kerja nabung situ serta pinjam simpan persen gaji;Positif
lunas tunggak iur tunggak iur tunggak serta data usul serta terima bantu iur iur tanggung perintah sesuai basis data padu;Positif
bpjs naker beres beres sehat masalah beda penting rakyat ngemplang bayar iur pas sakit sembuh stop bayar;Positif
bamsoet panggil akrab dorong perintah pantau biaya awat pasien covid tanggung bpjs sehat;Positif
bpjs sehat bangun sinergi skala global fpgh;Positif
mobil jkn aplikasi andal pandemi covid;Positif
bpjs wajib sehat ketenagakerjaan ketenagakerjaan lumayan banget sih pas pandemi gin phk pas cek saldo tau tau puluh juta tabung sana pas bayar asa sehat blm pake anggap amal;Positif
tahun lawan sakit asam lambung mujiati bantu baik perintah program jkn kis segmen pbi;Positif
iur bpjs naik langsung sehat;Positif
baik jkn kis perintah bantu mujiati lawan sakit;Positif
cerita soko ubah hak kelas jkn kis kendala lindung;Positif
bpjs sehat bener bantu warga pandemi;Positif
konsul sehat mental pake bpjs;Positif
bpjs iur banding premi asuransi sehat hujat habis rakyat indonesia pandai syukur;Positif
naik iur org hasil minim skg bpjs subsidi perintah sisa urus lurah insya allah jalan pribadi syukur bpjs jamin sehat moga manfaat;Positif
simpul pro kontra naik iur bpjs sehat tdk tau skrg jgn pas sakit ngurus eh tau tau ngurus blgnya ribet sulit ayo pikir bantu butuh;Positif
manfaat berkat jkn kis serta bpjs sehat lancar jalan cuci darah;Positif
terimakasih bpjs karna tanggung obat tdk bpjs tdk tau bayar obat pakai teman teman tdk sengaja baca twit jaga sehat karna sehat mahal apa;Positif
berterimakasih allah karna sehat hak berterimakasih bpjs karna berkat ortu beban biaya rs;Positif
jkn kis harisomawati salah serta bpjs sehat lancar jalan cuci darah;Positif
salah fasilitas bpjs sehat jalan cuci darah gratis sdh bukti;Positif
syukur masyarakat bantu banget jkn kis serta bpjs sehat lancar jalan cuci darah;Positif
pandemi bahagia baca kabar pasien bpjs layan cuci darah wabah corona;Positif
serta bpjs sehat bantu sanak kerabat jaga sehat salah satu fasilitas cuci darah sedia terima kasih bpjs;Positif
bayang sih keluarga kena gagal ginjal kudu cuci darah minggu sambung idup sedih kartu jkn kis terima kasih bpjs;Positif
sakit meriang batuk flu manfaat kartu jkn kis asa beda keluarga cuci darah gagal ginjal serta bpjs sehat bantu;Positif
ajak milenial cipta inovasi digital bpjs sehat gelar kompetisi virtual hackathon;Positif
untung pasien serta jkn kis bayar biaya cuci darah;Positif
bgt tolong jkn kis contoh nih;Positif
untuk ikhlas bayar naik bpjs turun kelas doa bayar bpjs sehat untuk mama sehat minum obat umur hidup tanda anak terimakasih bpjs;Positif
tangan rs pasien bpjs sisi ngebantu banget butuh tangan sehat;Positif
bukti bpjs sehat tolong rakyat sakit serta bpjs sehat lancar jalan cuci darah wabah corona;Positif
bpjs sehat mudah serta turun kelas awat;Positif
mba jor joran ngeluarin duit untung bpjs sehat bantu;Positif
bpjs sehat layan sehat baik;Positif
serta bpjs sehat lancar jalan cuci darah jkn kis moga bpjs layan baik masyarakat;Positif
manfaat bpjs sehat rasa banget contoh pasien cuci darah biaya tercover;Positif
salah pasien tolong bgt sma bpjs sehat tu pasien cuci darah op dpt kamar ranap ruang cuci darah banyak pasien so happy tolong;Positif
terimakasih bpjs habis juta rupiah awat lansia jalan ngotot bpjs asuransi sehat doa sehat jatuh sakit biaya obat mahal;Positif
bayang besar biaya tanggung pakai bpjs pasien cuci darah betapa bpjs bantu banget;Positif
bahagia sehat ibu senang bpjs esehatan tenang proses obat;Positif
bpjs sehat bantu masyarakat layan cuci darah wabah covid;Positif
sih jkn kis serta bpjs sehat lancar jalan cuci darah;Positif
anak masuk rumah sakit usia gratis berkat bpjs sehat sedih mikirin nasib pasien cuci darah bpjs hapus;Positif
syukur amat tiada henti ucap bibir ni made sri harisomawati syukur ucap khusus hadir program jamin sehat nasional kis;Positif
malam pandemi virus bpjs sehat ri layan serta jkn kis eperti serta bal terima manfaat bpjs cuci darah kali minggu moga masyarakat puas layan bpjs sehat;Positif
salah serta besyukur jkn kis serta bpjs sehat lancar jalan cuci darah;Positif
puji tuhan bpjs sehat manfaat masyarakat moga masyarakat sehat;Positif
senang dengar wati layan sehat bpjs sehat moga sehat;Positif
artikel pasien jkn kis serta bpjs sehat lancar jalan cuci darah layan bpjs sehat puas masyarakat;Positif
selancar sore sore nemu artikel pasien jkn kis serta bpjs sehat lancar jalan cuci darah layan bpjs sehat puas masyarakat terima kasih bpjs;Positif
jkn kis serta bpjs sehat harisomawati lancar jalan cuci darah minggu kali bantu;Positif
masya allah jkn kis serta bpjs sehat lancar jalan cuci darah bantu moga sehat amin;Positif
pandemi serta bpjs sehat jalan cuci darah lancar;Positif
ayah wanti wanti sampek telat bayar bpjs niat amal sehat tuhan syukur bayar bantu orang sakit;Positif
bpjs ketenagakerjaan mah bagus hitung hitung tabung pensiun celaka kerja ikutin prosedur bantu banget bpjs sehat pakai potong bpjs sehat defisit terima kasih bpjs;Positif
sore dipungkiri tolong bpjs sehat ri;Positif
naik iur harap bpjs layan baik support bpjs sehat layan baik masyarakat indonesia;Positif
iur bpjs harap layan fasilitas baik warga indonesia harap serta puas layan bpjs sehat bantu sakit berat;Positif
iur bpjs relatif murah banding kualitas tangan layan bpjs sehat puasa masyarakat indonesia;Positif
berkat bpjs sehat serta bpjs cuci darah lanjut bpjs baik moga bpjs bantu orang;Positif
alhamdulillah jkn kis serta bpjs sehat lancar jalan cuci darah alami tetangga lancar cuci darah kali minggu;Positif
jkn kis serta bpjs sehat lancar layan cuci darah wabah corona;Positif
moga teman derita gagal ginjal lancar proses cuci darah rumah sakit rasa manfaat bpjs sehat;Positif
barusan liat info guna jkn kis bpjs sehat jalan cuci darah;Positif
obrol mpo dokter pasien cuci darah harap hidup usia puluh bpjs sehat bantu pasien cuci darah tanggung biaya awat;Positif
serta puas layan bpjs sehat harisomawati salah pasien bpjs lancar jalan cuci darah;Positif
harisomawati salah pasien jkn kis rutin jalan cuci darah masa pandemi bagi manfaat serta jkn kis;Positif
wabah corona bpjs sehat layan baik pasien jkn kis jalan cuci darah;Positif
fasilitas layan baik serta jkn kis bpjs sehat cuci darah;Positif
hamdalah berkat jkn kis serta benar rasa manfaat untung bayar iur rutin cuci darah kali minggu mantul;Positif
alam nunggu ortu hemodialisis bersih darah panik jamin lancar berkat jkn kis bpjs sehat;Positif
yuk support bpjs sehat layan baik nyata loh jkn kis serta bpjs sehat lancar jalan cuci darah prinsip gotong royong tolong nih;Positif
bukti jkn kis bantu masyarakat salah satu harisomawati cuci darah jkn kis gotong royong tolong;Positif
harisomawati salah serta jkn kis rasa manfaat program jkn kis pandemi lancar jalan cuci darah;Positif
pasien serta bpjs sehat jalan cuci darah alhamdulillah lancar jkn kis bantu jalan obat pikir biaya;Positif
rasa manfaat bpjs sehat nih serta jkn kis lancar jalan cuci darah beliau syukur bpjs sehat hadir masyarakat;Positif
alhamdulillah serta bpjs sehat lancar cuci darah jkn kis moga cepat sembuh;Positif
simak deh info jkn kis serta bpjs sehat lancar jalan cuci darah alhamdulillah moga guna bantu;Positif
alhamdulillah jkn kis lancar jalan cuci darah manfaat serta jkn kis bpjs sehat;Positif
jkn kis serta bpjs sehat lancar jalan cuci darah mudah keluar layan bpjs sehat;Positif
jkn kis serta bpjs sehat lancar jalan cuci darah;Positif
berkat bpjs sehat cuci darah lancar jalan gotong royong tolong;Positif
tengah kondisi pasien cuci darah binggung cuci darah uan untung jkn kis bantu serta cuci darah halang;Positif
ipar perempuan lahir bantu bpjs sehat lahir gimana cuci darah periode bantu;Positif
jkn kis serta bpjs sehat lancar jalan cuci darah neng dengernya moga lekas sembuh mbak;Positif
jalan cuci darah rutin biaya butuh untung bpjs mengcover biaya cuci darah pasien bantu;Positif
bpjs sehat tolong rakyat sakit info bawah serta bpjs sehat lancar jalan cuci darah;Positif
tengah kondisi pasien bpjs sehat lancar loh jalan cuci darah hambat apa terima kasih bpjs sehat ri;Positif
bpjs sehat tolong rakyat sakit nyata baca berita bawah pasien layan cuci darah wabah corona tanggung biaya awat;Positif
delapan jalan obat rutin cuci darah rsud saiful anwar khawatir kait biaya obat dicover bpjs sehat syukur;Positif
wabah bpjs sehat tolong rakyat sakit salah saksi serta lancar jalan cuci darah;Positif
suka main sakit mama tugas curhatan pasien nih cerita berkat jkn kis bpjs sehat rutin cuci darah;Positif
bpjs sehat tolong bantu bangun masyarakat;Positif
manfaat jkn kis contoh serta bpjs sehat lancar jalan cuci darah pikir biaya mahal;Positif
serta bpjs sehat lancar cuci darah manfaat jkn kis;Positif
wujud nyata kerja bpjs serta jkn kis jalan cuci darah lancar bpjs sehat dukung gotong royong tolong;Positif
jkn kis serta bpjs sehat lancar jalan program cuci darah beliau syukur jkn kis;Positif
bpjs sehat cuci darah mudah;Positif
iya tri harga bpjs rs swasta mahal terima kasih perintah jokowi sehat selamat rakyat bangsa;Positif
asli deh bosen bgt ngadepin org konsultasi sakit butuh periksa bingung gara bpjs serius asuransi sehat karna akses layan sehat butuh primer inget jgn ngegampangin ngasih tau nyesel;Positif
biaya sehat bilang jangkau bpjs bilang murah manfaat banget;Positif
pantes series new amsterdam diceritain gimana jelek sistem sehat indonesia suka bete bpjs turut engga mahal;Positif
manfaat terima serta jamin sehat nasional jkn;Positif
naik iur bpjs sehat wajar jangkau;Positif
iur bpjs benah sehat naik bpjs pelayananya beda bantu sakit berat;Positif
iur bpjs sehat naik defisit uang nilai bayang asuransi sehat milik perintah bantu masyarakat butuh;Positif
jangkau naik tarif bpjs upgrade sehat iur bpjs sesuai prosedur sehat;Positif
baik sistem upgrade sehat naik baru tatanan bpjs bantu serta jkn kis;Positif
perintah bantu subsidi iur bpjs sehat;Positif
bayar operasi biaya operasi dokter juta bayar bebas biaya terima kasih bpjs;Positif
cuci darah delapan gatot terima kasih serta jkn kis;Positif
modal kartu jkn kis salin bebas biaya bantu banget;Positif
bpjs bantu hitung iur bayar tdk banding jik awat biaya rumah sakit mahal syukur pemerinrah perhati sehat;Positif
teman pasang pen tulang rs fatmawati bpjs sehat gratis bolak manfaat;Positif
menghayal perintah pelayana sehat gratis bpjs puas lebih kurang;Positif
perhati bpjs jamin sehat rakyat alami defisit wajar perintah selamat menyalamatkan penting rakyat jernih pikir tendesius;Positif
sadar perintah usaha jamin sehat sepenuh rasa manfaat biar defisit ambyar buat skema subsidi kelas;Positif
naik iur bpjs sehat hindar defisit anggar naik prediksi tingkat fasilitas sehat serta paham luap postingan provokatif;Positif
puji syukur bpjs sehat ayah rawat rs jantung harkit puluh tanggung bpjs sehat program dr mid thn ribu belas daftar kerja;Positif
sepakat pikir serta bpjs kelas alhamdulillah kasih sehat biar butuh manfaat senang gotong royong bantu butuh;Positif
buat asuransi sehat bpjs murah manfaat;Positif
mending iur bpjs sehat bubar era mana orang miskin larang sakit;Positif
saat negara hadir layan sehat sambut peran aktif rakyat coba bpjs hapus krn problem defisit turun turun gimana nasib sakit berat;Positif
bpjs bpjs sehat alami defisit naik iur salah kurang defisit manfaat;Positif
bpjs ratus ribu teriak sehat butuh primer manusia beli paket internet bayar wifi notabene cuman butuh sekunder miris teknologi kalah akal sehat;Positif
bpjs program gotong royong serta maaf gratis alias bayar perintah kis serta bayar anggap kelas tinggal pilih sesuai mampu sehat mahal;Positif
bpjs manfaat murah asuransi sehat swasta telat sampe bayar iur;Positif
rakyat sanggup bayar iur bpjs sehat kelas iur naik;Positif
gotong royong harap jaga kualitas sinambung program jamin sehat masyarakat bpjs jalan lanjut;Positif
langsung bpjs salah ladang amal bantu lemah ekonomi;Positif
pokok paham prinsip iur bpjs susah doyan boba coba anggar boba bayar bpjs sehat sisa yuk gotong royong tolong tolong rajin bayar iur;Positif
kontribusi perintah subsidi iur bpjs sehat rasa bantu serta bpjs serta jkn kis;Positif
perintah cari solusi biaya sehat jamin bpjs sehat tolong tolong iur bpjs gimana sakit kelas nutupi kurang biaya sehat bpjs sehat gratis;Positif
sehat no uang sakit sakit rasa mahal sehat tuju naik bpjs sehat;Positif
support insya allah jalan lancar layan bpjs sehat ganggu;Positif
teman teman alami sulit ekonomi plis telat bayar iur bpjs sehat support mndukung lancar bpjs sehat;Positif
harap naik iur bpjs moga depan layan bpjs sehat tingkat layan masyarakat maksimal;Positif
alhamdulillah bpjs sehat asuransi layan baik keluarga;Positif
bpjs sehat bantu masyarakat tengah rutin obat bpjs biaya keluar cover biaya;Positif
bijak ambil langsung bpjs sehat maklum sesuai besar tarif iur bpjs;Positif
sehat jamin perintah warga miskin itu prosedur prosedur rt rw lurah camat bpjs kartu bpjs langsung obat;Positif
bijak terap cegah masyarakat sembarang pindah pindah kelas bulan sulit bpjs sehat biaya sehat;Positif
naik iur langsung bpjs sehat;Positif
mari support bpjs sehat bpjs sehat rasa manfaat;Positif
elemen libat tutup keluar alas naik iur bpjs iur kumpul cukup biaya program bpjs sehat sesuai besar tarif;Positif
bpjs butuh gotong royong tahan eksistensi layan sehat masyarakat naik iur serta kelas efektif ribu puluh subsidi sembilan ribu ratus iur berat pindah kelas;Positif
naik kelas notabene orang donasi covid gotong royong bpjs sehat turun kls kelas tanggung bpjs;Positif
ceceu rasa manfaat bpjs sehat teman kerja ceceu jg istri lahir bantu rawat inap bantu biaya cover bpjs sehat;Positif
bantu manfaat sehat bpjs iur bpjs asuransi sisih antisipasi risiko;Positif
critanya bpjs sehat defisit ribu belas parah ribu tujuh belas ribu delapan belas salah satu tunggak bayar iur bpjs bantu gotong royong bantu butuh;Positif
serta bantu bpjs sehat biaya rumah sakit mahal;Positif
naik sesuai pres enam puluh subsidi koma triliun carry on defisit indonesia jamin sehat sepenuh pola skrg masyarakat manfaat hancur bpjs awas;Positif
dipikirin gimana usaha asuransi compete kasi harga murah kerjasama program subsidi sehat bpjs miskin dicover full sisi edukasi push strong middle class bantu;Positif
bpjs bantu masyarakat azas gotong royong panik salah satu jaga sehat;Positif
sadar prinsip bpjs sehat gotong royong tolong salah bentuk sumbangsih negeri tolong butuh bantu dana awat sehat syukur pakai sakit;Positif
perintah peduli krisis naik iur bpjs perintah peduli krn layan maksimal sehat masyarakat subisidi kelas;Positif
moga sesuai iur bpjs tingkat kualitas layan bpjs sehat jaga langsung bpjs sehat;Positif
sih hilang kerja iur bpjs sehat naik perintah paham kelas naik subsidi;Positif
sesuai iur bpjs langsung bpjs sehat layan lapis masyarakat;Positif
polemik bpjs sehat isu naik iur semena mena hoax fakta sesuai kelas ubah;Positif
semenjak serta bpjs sehat bantu terima kasih bpjs sehat;Positif
mumpung thr lupa bayar zakat bayar tunggak iur bpjs langsung layan bpjs sehat optimal;Positif
putus ambil berat langsung bpjs sehat tingkat cukup dana layan;Positif
bpjs jaga kualitas sinambung program jamin sehat;Positif
didebatin bantu perintah kasi urus sehat rakyat moga pemerintahanan turunin bpjs;Positif
naik iur bpjs timbang matang lanjut layan bpjs sehat;Positif
kelas mampu ekonomi beda kelas mampu ekonomi harap langsung bpjs sehat;Positif
sanggup bayar bpjs bpjs pola hidup sehat doa moga senantiasa sehat biar uang obat keluh trs medsos sanggup renti gitu repot;Positif
bpjs sehat jamin bayar iur nunggak jaga sehat;Positif
perintah jg bijak covid tunggak iur bpjs bayar maksimal enam tunggak jg serta bpjs sehat jkn kis tunggak longgar lunas status serta aktif;Positif
prinsip bpjs sehat gotong royong tolong naik iur tolong tingkat faslititas bpjs sehat;Positif
heboh marah provokasi tugas bpjs sehat biar salah paham serta jkn kis tunggak longgar lunas status serta aktif;Positif
iur bpjs sehat kelas kelas kelas gratis gratis teriak iur bpjs sengsara orang miskin org bagi org miskin lindung balik org miskin;Positif
sulit perintah jg pikir bpjs sehat covid tunggak iur bpjs bayar maksimal enam tunggak khawatir makan hoaks;Positif
bpjs sehat sakit bayar biaya rumah sakit mahal rajin bayar iur bpjs;Positif
prinsip anut bpjs sehat gotong royong tolong sambung;Positif
tutup bahas bpjs sehat moga baik yuk tolong gotong royong serta bpjs;Positif
serta bpjs sehat dukung bijak bpjs sehat layan masyarakat;Positif
bpjs sehat utama baik salah prinsip gotong royong;Positif
bahas bpjs sehat moga baik yuk tolong gotong royong;Positif
iur bpjs sikap bijak alhamdulillah subsidi pasti support bpjs sehat layan baik;Positif
iur bayar heboh ubah angka jg heboh baca tabel iur bpjs jd paham bpjs sehat;Positif
dukung bpjs sehat layan baik serta;Positif
putus berat ambil krisis perintah solusi langsung bpjs sehat dukung;Positif
kontribusi jaga serta bpjs sehat aktif rajin bayar iur bpjs rutin;Positif
moga gotong royong jaga kualitas sinambung program jamin sehat masyarakat program bpjs jalan;Positif
dasar bpjs sehat layan sehat serta jkn kis hambat pandemi;Positif
sih kaget turut sih gpp biaa tingkat fasilitas bpjs sehat;Positif
naik iur langsung bpjs sehat;Positif
tdk batas asuransi sehat batas limit bpjs tercover;Positif
subsidi perintah kls mandiri bagi bentuk gotong royong terap bpjs sehat elemen libat tutup keluar;Positif
support bpjs sehat layan puas masyarakat gotong royong tolong;Positif
prinsip gotong royong tolong lapis masyarakat layan sehat bpjs;Positif
iur bpjs negara hadir sesuai iur bpjs sehat sesuai pres no enam ribu puluh;Positif
bpjs pandang sbg solusi jangka sedia layan sehat mandiri sustainable prinsip gotong royong patut ada masyarakat beli rokok pulsa iur bpjs suka ngomel;Positif
naik iur bpjs jaga operasional jamin sehat iur naik perintah pusat perintah subsidi bayar bpjs sehat;Positif
pandemi covid orang kena dampak perintah bpjs sehat diam cari jalan baik masyarakat;Positif
naik iur bpjs sehat timbang hitung ability to pay mampu bayar masyarakat;Positif
mumpung lebaran pekan tuntas bayar iur bpjs langsung layan bpjs sehat optimal;Positif
putus ambil berat lanjut bpjs sehat;Positif
bpjs sehat masyarakat nyaman obat jaga sehat;Positif
serta bpjs sehat sifat wajib milik jamin sehat bentuk asuransi dobel gitu deh gapapa tuju bpjs sehat gotong royong tolong;Positif
bayar iur ratus puluh ribu bulan sakit rawat hari rumah sakit bayar ratus ribu hari kunjung dokter tindak operasi butuh coba hitung asuransi murah bpjs cek sehat daftar;Positif
elemen libat tutup keluar bpjs sehat masyarakat rasa manfaat;Positif
rawat inap tujuh enam malam gara gara sakit lambung vertigo akut rawat jalan obat obat gratis bpjs sehat kelas bayar iur kali rasa manfaat;Positif
bijak naik iur langsung bpjs sehat;Positif
jamin sehat banget emang bom sakit sih ngga asa manfaat sakit asa banget loh sakit suruh bayar sekian puluh juta sakit banget bpjs;Positif
bpjs sehat masyarakat nikmat lindung jamin sehat biaya jangkau prinsip bpjs gotong royong tolong;Positif
tahu guys bpjs benar naik iur jalan maksimal layan sehat aman tau bpjs defisit parah;Positif
tunggak iur kartu bpjs langsung aktif pandemi bpjs sehat longgar;Positif
hapus bpjs sehat bantu keluarga rasa manfaat bpjs sehat obat mertua kena stroke gratis rawat jalan fisiotherapy rawat inap operasi obat obat cek darah gratis bayar iur kelas;Positif
bilang bpjs sehat php perintah php perintah pikir rakyat perintah peduli;Positif
perintah hadir sesuai iur bpjs sehat pres no enam ribu puluh;Positif
bijaksana bpjs sehat pandemi covid tunggak iur bpjs bayar maksimal enam tunggak bantu banget ringan serta bpjs kena dampak;Positif
pandemik covid orang kena dampak perintah bpjs sehat diam cari jalan baik masyarakat salah satu bijak longgar bayar iur;Positif
peran bpjs sehat rasa atur tetap iur bpjs dukung patuh atur;Positif
kabar baik serta jkn kis tunggak iur bpjs longgar lunas status serta bpjs sehat aktif;Positif
iya gapapa iur bpjs sehat krn mmg harga sehat orang konsumtif beli barang online beli nmn harga sehat wabah covid tata ulang prioritas hidup konsumtif tetap bijaksana;Positif
bpjs sehat upaya layan baik masyarakat;Positif
sesuai besar iur bpjs sehat langsung layan sehat rakyat;Positif
bpjs sehat layan sesuai besar iur bpjs sehat;Positif
kaget sesuai iur bpjs kali tenang negara hadir sesuai iur bpjs sehat;Positif
jamin sehat nasional asuransi sosial prinsip gotong royong kaya nolong miskin sehat nolong sakit bpjs asuransi komersil provokasi narasi perintah peka perintah hadir rakyat sakit;Positif
sesuai besar iur bpjs sehat langsung layan sehat rakyat bayang pagebluk masyarakat paham jaga negara;Positif
kaget sih dengar iur bpjs juli gimana sakit mahal harga abai sehat;Positif
video jelas bukti hadir perintah sesuai iur bpjs sehat pres enam puluh ribu puluh;Positif
syukur sehat kali bantu krn ada bpjs tolong bayar bpjs bayar bpjs ikhlas moga bantu orang butuh moga kelola bpjs manfaat;Positif
nilai bantu misi negara bantu orang miskin akses layan sehat tarif bpjs murah dunia tdk bantu negara jebol apbn;Positif
pro logika aja asuransi sehat cover premi serendah biar provider gantiin bpjs dinaikin bubar bpjs bpjs bubar mudarat;Positif
perintah ngambil bijak naik iur bpjs sesuai iur bpjs sehat cantum pres no enam ribu puluh subsidi perintah serta pbpu kelas;Positif
pikir biaya sehat biaya murah sakit biaya dokter biaya obat asuransi swasta mahal bpjs manfaat sakit tolong org subsidi silang pahala beda swasta subsidi silang;Positif
inti komunikasi perintah buruk rakyat nggak berat tolong manfaat pegawai kena naik potong bpjs nggak pakai bpjs asuransi sehat;Positif
sehat masak beli rokok bpjs sehat bungkus rokok ngeluh rangin jatah rokok;Positif
tuju naik nominal naik istimewa coba pikir org hasil umk terima upah keluarga 4 org bpjs sehat kelas;Positif
naik iur bpjs sehat jaga lanjut program jamin sehat nasional jkn masyarakat rasa manfaat;Positif
naik iur langsung bpjs sehat masyarakat manfaat;Positif
bayang ngga bpjs sehat bingung bayar biaya rmh sakit plus minus sdh pikir sehat rasa keluar duit ratus puluh ribu ribu berat;Positif
baik masyarakat luas program bpjs prinsip gotong royong untung rugi sehat sehat syukur uang setor manfaat saudara saudara kena sakit;Positif
iya bpjs sehat ikhlas jalan program;Positif
naik langsung operasional bpjs sehat bantu masyarakat butuh;Positif
berat naik bpjs org kerja langsung bantu org butuh tolong sehat situ;Positif
gotong royong tolong cinta bpjs sehat;Positif
bagus niat bantu saudara tanah air biar manfaat fasilitas sehat sedia bpjs;Positif
lanjut layan bpjs sehat iur naik moga maklum;Positif
subsidi silang bayang bpjs jalan uang orang ri layan sehat bpjs sdh kacau balau rs tolak pasien rs blm bayar bpjs;Positif
banget manfaat bpjs hilang masyarakat gol dpt akses sehat;Positif
wow iur bpjs sehat juta warga tanggung pemprov aceh;Positif
guna dana bpjs sehat jaga orang takut obat rs setor bpjs wajib bayar;Positif
ebook pandu layan serta jamin sehat kali ken tau jelas gamblang nih perintah bantu iur serta bpjs sehat;Positif
manteman info nih e book pandu layan serta jamin sehat kali ken tau jelas gamblang perintah bantu iur serta bpjs sehat;Positif
bagus nih pandu serta jamin sehat;Positif
bpjs sehat masalah turun kelas serta;Positif
betapa ebook muda mud paham pandu layan serta jamin sehat lengkap ulas;Positif
bingung pandu layan sehat bpjs galau gundah gulana coba download nih e booknya lengkap bgt deh;Positif
layan baik masyarakat sedia ebook pandu layan sehat serta jamin sehat pandu link;Positif
salah layan bpjs sehat masyarakat buta tahu layan jamin sehat nih download pandu layan guys;Positif
harap hadir ebook pandu serta jamin sehat bantu masyarakat layan baik bpjs sehat;Positif
hak wajib serta ulas ebook pandu layan serta jamin sehat yuk coba ajar layan bpjs sehat puas masyarakat;Positif
gotong royong tolong lho ebook pandu layan masyarakat lengkap banget 136 halaman lho;Positif
layan bpjs sehat puasa masyarakat bpjs sehat usaha layan baik masyarakat indonesia;Positif
info pati maksimal layan bpjs pati luncur aplikasi antre online obat reporter cholis anwar mei murianews upaya mudah pasien jamin sehat;Positif
prinsip gotong royong tolong bpjs sehat paham luang baca ebook pandu layan serta jamin sehat;Positif
bingung layan bpjs sehat suka bingung layan sehat jamin amp gk jamin trus e book pandu layan bpjs sehat bikin paham ttg bpjs;Positif
ebook pandu layan serta jamin sehat baca baca tu mata bpjs sehat layan masyarakat;Positif
makan hoaks bpjs sehat mending baca ebook pandu layan serta jamin sehat deh komplit;Positif
yuk unduh ebook pandu layan serta bpjs sehat biar paham tata alur mekanisme gotong royong tolong;Positif
kantor bpjs sehat blora selatan medan blora utara jalan rusak tembus hutan lebat biar susah;Positif
kartu bpjs sehat gin banget jaga sehat jangka manfaat banget loh nih ebook pandu disave;Positif
serta jamin sehat nasional ebook pandu layan serta jamin sehat loh;Positif
manfaat ebook pandu layan serta sehat mari simak;Positif
download yuk ebook pandu layan serta jamin sehat paham prosedur laku tau layan;Positif
serta binggung ttg layan sehat bpjs serta baca ebook pandu layan sehat;Positif
siang guys yukk cuss download ebook pandu layan serta jamin sehat bsa paham bsa memanfaatkanny cekidot;Positif
ebook pandu layan serta jamin sehat ebook format pdf manfaat ebook;Positif
teman teman ebook pandu layan serta jamin sehat baik masyarakat;Positif
new normal g coba unduh pandu sehat bpjskesehatanri biar ready manfaat bpjs sehat;Positif
bpjs sehat konsisten layan mekanisme syarat tentu;Positif
sakit jamin sehat tenang kisah pasien hemodialisis syukur program jkn kis baca lengkap;Positif
wacana bpjs potong pajak hasil tuju dinda jamin sosial sehat bayar hasil pajak warga riset teman arah situ;Positif
milik dua lupa maha kuasa bpjs sehat;Positif
dokter ugd igd emergency gawat darurat jamin bpjs sehat ranah medis wenang dokter tanggung pasien;Positif
periksa dokter ugd igd nyata dokter emergency gawat darurat jamin bpjs sehat rujuk faskes tingkat i;Positif
pasien hemodialisa aku bantu serta jkn kis;Positif
pasien hemodialisa aku bantu serta jkn kis republika online;Positif
bpjs sehat sederhana aju klaim pasien covid syarat mudah;Positif
bpjs sehat layan baik pandemi covid;Positif
bpjs sehat layan optimal sesuai protokol covid;Positif
terima kasih moga sehat;Positif
atur perintah kait bpjs sehat ri bpjs sehat bantu maju bpjs sehat jg loh;Positif
naik tarif iur bpjs opsi sulit tpi langsung bpjs sehat tetep layan kelas sdh dapaf subsidi perintah subsidi bpjs negara hadir bantu bpjs new normal;Positif
sih bpjs tutup bikin susah rakyat sesuai tarif bpjs layan bpjs sehat iur bpjs new normal negara hadir bantu bpjs perintah subsidi bpjs;Positif
naik tarif jd debat mmg bantu operasional bpjs jalan skr solusi serta mandiri kelas bpjs sehat new normal iur bpjs negara hadir bantu bpjs perintah subsidi bpjs;Positif
bpjs sehat selamat layan masyarakat mari dukung perintah iur serta bpjs sehat;Positif
sebentar newnormal lanjut bpjs sehat baik moga temu jalan baik gotong royong tolong;Positif
liat ilustrasi cerita bpjs sehat biar mudah erti moga bpjs sehat baik depan;Positif
ragu deh klo bpjs sehat hapus baik plus minus lahir cesar rs pakai kartu bpjs sehat layan baik masyarakat;Positif
pen ngakak liat cerita si jono pas sakit banyak mikir tinggal pergi pusat sehat pake kartu bpjs gampang biar cepat sembuh;Positif
perintah bantu iur serta bpjs sehat gotong royong tolong baik;Positif
gimana bpjs sehat mending hapus baik apa hasil moga bpjs sehat layan baik;Positif
kakak doa kartu kepake bpjs niat biar bantu lbh orang sakit beban lbh gede msh sakit mikirin biaya moga sll sehat;Positif
gotong royong harap jaga kualitas sinambung program jamin sehat masyarakat bpjs jalan lanjut;Positif
jg baik masyarakat luas om ellys kerhi program bpjs prinsip gotong royong bkn untung rugi sehat sehat syukur uang setor manfaat saudara kena sakit salut;Positif
iyak bpjs sehat jg ikhlas;Positif
bpjs sehat aku bahas hapus kelas mandiri satu dua kelas standar manajemen bpjs sehat isyarat dukung jalan amanat atur presiden jamin sehat;Positif
bpjs sehat butuh dukung jalan peran fungsi;Positif
perintah bantu iur bpjs sehat mmbrikan pelaynan masyrkt mari support bpjs sehat layan baik;Positif
penejelasannya pake cerita gambar erti moga bpjs sehat baik;Positif
paham yuks dukung apa putus moga layan;Positif
poinya kartun ambar serta puas layan bpjs sehat depan bpjs sehat mending hapus baik baik sih;Positif
baik kak bpjs sehat bantu proses lahir;Positif
perintah usaha bantu masyarakat layan sehat baik moga cerah masyarakat indonesia lupa bayar iur;Positif
makan biar mikirnya bener bpjs sehat terima kasih bpjs nagara bantu bpjs;Positif
sepakat mba negara maju gotong royong;Positif
bpjs sehat dipwrbaiki hapus;Positif
ngerti iur kelas 3 lho aman berat;Positif
jelas iur bpjs kontak mudah paham enak banget;Positif
lanjut baca n paham;Positif
ngeh informasi banget teliti;Positif
komik syarat informasi banget ngeluh gitu;Positif
pasti mba mending baik drpd hapus kasi bener butuh;Positif
bingung iur pbi aman puyeng periksa biar sehat bugar;Positif
kali dangkal informasi riuh yuk baca biar paham;Positif
moga baik bpjs sehat;Positif
paham kelas subsidi perintah yuk cari tau biar info lengkap simpang siur makan hoax lengkap cek komik ok;Positif
eh iya komik bagus banget kemaren kemaren bingung iur bpjs bilang mending bpjs hapus coba mending hapus baik hayooo;Positif
baca sampe abis yah komik suer nih komikus keren banget kisah putar;Positif
bpjs tenaga kerja faham orang perlu bpjs sehat hasil kecewa;Positif
indonesia kenal gotong royong bantu;Positif
mal aidin walfaidzin mohon maaf lahir batin share cerita putar mending baik hapus;Positif
naik iur bpjs kelas tuju perintah gotong royong tolong orang kaya bantu orang miskin insyaallah berkah anak cucu amin;Positif
bpjs mending hapus baik sih hapus rasa manfaat obat kartu bpjs sehat rumah sakit;Positif
perintah atur tuju benah depan layan terima masyarakat bagus lanjut;Positif
mending baik masyarakat puas layan bpjs sehat rasa manfaat masyarakat miskin banyk bantu;Positif
lanjut bpjs penting azas manfaat terima dukung lanjut bpjs sehat;Positif
pribadi pilih bpjs sehat baik prinsip gotong royong tolong dalam baca deh jelas gambar;Positif
naik iur bpjs kelas atur beban rakyat miskin jutru luas lindung;Positif
yakin lanjut bpjs baik pilih bpjskesehatan baik kudu sosialisasi peran negara hadir bantu bpjs perintah subsidi bpjs biar salah paham;Positif
paham sih mending baik perintah bantu iur serta bpjs sehat lampir foto ekonomi tolong bantu;Positif
alhamdulillah bpjs sehat;Positif
pilih hapus mikir jangka sakit duit perintah bantu iur serta bpjs sehat masyarakat rasa fasilitas sehat;Positif
perintah naik iur bpjs sehat kelas 1 2 bs tutup biaya gotong royong tolong;Positif
cerah bpjs sehat semangat gotong royong kaya bantu miskin bantu;Positif
man teman inshaallah naik beban mmpu doa perintah baik;Positif
coba cerna paham iur bpjs sehat naik tuju utama tingkat mutu layan masyarakat;Positif
rakyat sakit usaha bangkrut krn pandemi sopo sing bayar pajak bangun manusia sehat didik kuat bidang gampang bayar utang triliun rawat bpjs seksama;Positif
bpjs sehat mending hapus baik klo kta ak sih baik ja solusi aminn semangatt yukk lihat lanjut komik;Positif
naik biaya iur bpjs harap bantu tingkat layan medis maksimal support bpjs sehat layan baik warga sakit;Positif
perintah nerbitin atur iuranbpjs guna benah layan bagus bpjs sehat mending bpjs layan naik tarif hapus operasional nih;Positif
bener banget nih jelas maman perintah terbit atur tujuanya benah layan bpjs sehat bagus lanjut anak cucu;Positif
inti kaya perintah bantu subsidi nikmat fasilitas bpjs sehat harga jangkau;Positif
program hapus baik manfaat rasa orang golong;Positif
bpjs sehat hadir jamin sehat pegang prinsip gotong royong tolong naik iur kelas nambah beban masyarakat miskin;Positif
alangkah baik cari jalan atas masalah tsb;Positif
juweh karna g prediksi kondisi sehat upaya kondisi ttp fit tambah suplemen ekonomi sehat bpjs jalan karna subsidi iur;Positif
bpjs salah opsi masyarakat dlm oleh layan sehat masyarakat kaya biar pilih asuransi dpt layan lbh muas wajib bpjs rs dpt tentu tarif komersil non serta bpjs;Positif
win win solution penting rakyat perintah naik iur bpjs sehat kelas dampak signifikan rakyat laku baik;Positif
ahy sayang naik iur bpjs sehat ahy tanggap naik iur bpjs sehat sayang putus jokowi pandemi covid turut masyarakat butuh fasilitas jamin sehat;Positif
aktif serta bpjs sehat lunas tunggak;Positif
bpjs sehat tiket kereta api via paytren praktis mudah langsung hp untung;Positif
alhamdulillah thl thr gaji tunjang sehat bpjs edi naik tahap timbang sesuai mampu uang daerah;Positif
kelas serta bpjs sehat hapus tanggap anggota komisi dpr ri tuju komisi dpr perintah fasilitas sehat rumah sakit putus hapus kelas serta bpjs sehat;Positif
ketua hari moi krisis covid perintah hemat anggar tunda naik iur bpjs sehat;Positif
naik iur bpjs sehat msh jangkau iur msh rendah manfaat premi dapat bpjs sehat layan masyarakat;Positif
naik iur bpjs banding besar manfaat rasa moga bpjs lanjut lanjut bpjs baik bpjskesehatan terimakasihpemerintah iuranbpjs negarahadirbantubpjs pemerintahsubsidibpjs;Positif
menko airlangga juta warga gratis iur bpjs sehat;Positif
biaya kelas berat pindah kelas subsidi manfaat medis kelas layan bpjs sehat puasa masyarakat bpjskesehatan terimakasihpemerintah iuranbpjs negarahadirbantubpjs pemerintahsubsidibpjs;Positif
manfaat medis kelas beda fisik kamar iur bpjs manfaat medis support bpjs sehat layan baik bpjskesehatan terimakasihpemerintah iuranbpjs negarahadirbantubpjs pemerintahsubsidibpjs;Positif
alas iur bpjs kelas kesehatana sejahtera masyarakat indonesia yuk support bpjs sehat layan baik bpjskesehatan terimakasihpemerintah iuranbpjs negarahadirbantubpjs pemerintahsubsidibpjs;Positif
bayar bpjs rasa manfaat bpjs uang iur bs manfaat orang sakit gotong royong tolong bpjskesehatan terimakasihpemerintah iuranbpjs negarahadirbantubpjs pemerintahsubsidibpjs;Positif
usaha hati dermawan naik iur bpjskesehatan jangkau bpjskesehatan terimakasihpemerintah iuranbpjs negarahadirbantubpjs pemerintahsubsidibpjs;Positif
support bpjs sehat layan baik bayar iur moga bpjs sehat bs trs ringan beban masyakarat indonesia sakit bpjskesehatan terimakasihpemerintah iuranbpjs negarahadirbantubpjs pemerintahsubsidibpjs;Positif
bpjs sehat layan masyarakat moga layan bpjs tingkat masyarakat indonesia rasa manfaat;Positif
moga program baik ikut layan sehat bpjs butuh kalang;Positif
iurang bpjs ringan gudang manfaat terima milik bpjs;Positif
usaha iur bpjs ringan banding manfaat bayar iur ringan;Positif
sih iur bpjs bpjs sehat worth it;Positif
usaha naik bpjs jangkau biaya ringan banding manfaat;Positif
naik iur bpjs sehat perintah tdk sembarang sgt hitung nilai dampak usaha nila positif;Positif
iur bpjs sehat usaha msh jangkau;Positif
gotong royong tolong bantu perintah ngelola memberioan layan baik;Positif
iur bpjs sehat nilai usaha wajar jangkau manfaat layan puas masyarakat;Positif
perintah pasti kalkulasi besar juran bpjs kena usaha masyarakat alhamdulillah putus perintah naik iur bpjs sehat kelas kelas direspon positif usaha;Positif
kalang usaha iur bpjs sehat nilai banding manfaat terima puas dh layan;Positif
galau iuranbpjs sajah;Positif
lansir kalang usaha aku berat putus perintah naik iur bpjs sehat bukti support bpjskehatan layan baik;Positif
serta mandiri kelas selow iuranbpjs bpjskesehatan berat lha bos berat;Positif
usaha iuranbpjs jangkau bagi banding manfaat lantas ribut;Positif
naik iur bpjs harap layan maksimal masyarakat moga maksimal maju https finance detik com moneter d-5020843 iuran-bjps-kesehatan-naik-pengusaha-masih-terjangkau bpjskesehatan terimakasihpemerintah iuranbpjs negarahadirbantubpjs pemerintahsubsidibpjs;Positif
pandemi ngeluh bpjs dinaikin biarin anggap bantu sehat nasional kali lipat ikhlasin protes tunggu pandemi selesai tunggu vaksin;Positif
mas kt obat dokter swasta orang miskin berat coba orang tdk milik biaya arah paskes paskes perintah insha allah obat mas bpjs sehat ada bkn;Positif
naik iur bpjs tuk kelas tuk sinambung layan bpjs kelas krn perintah subsidi terimakasih perintah komit perhati layan sehat maksimal bg warga;Positif
iuranbpjs kelas subsidi lho semangat gotong royong bpjskesehatan jalan layan bangsa;Positif
usaha berat keluh putus perintah naik iur bpjs sehat iur bpjs sehat nilai banding manfaat terima;Positif
bpjs sehat alami defisit uang naik iur pandemi corona nilai layan sehat jalan;Positif
gk aktifin bpjs lost cover polis asuransi sehat pas kemarin sakit pas lgi covid ekonomi turun rasa sehat jaga sehat rekomendasi polis sehat manulife;Positif
manfaat bpjs sehat banding iur;Positif
iur bpjs sehat defisit anggar pilih mudah perintah batal kartu prakerja alih dana triliun tambal bpjs;Positif
situ tugas sehat sok sok an kritis bpjs deh defisit bpjs dampak tugas sehat uang bpjs cair bulan underpaid deal masyarakat dedel pandemi covid;Positif
naik iur bpjs sehat jaga kualitas sinambung jamin sehat selamat bpjs jamin sehat masyarakat;Positif
pas streaming nemu jelas knp perintah naikin tarif bpjs oke bpjs layan baik;Positif
bpjs sehat maju bangsa negara yuk gotong royong bantu;Positif
ramai anggap zholim naik iur kelas pilih kelas paksa pilih berat pindah kelas inti program sifat gotong royong;Positif
ush beribet mas bpjs jamin sosial hitung jgn disamain asuransi lgian sehat emg wajib negara kuq sy blg hrs gratis minimal jgn berat;Positif
bpjs baik sistem laksana awas ngeluh iur iur alami naik doa moga manfaat sadar sehat mahal;Positif
cancer survivor kemo radiasi tindak biaya jamin bpjs sehat tahan hidup thanks god thanks bpjs sehat;Positif
cover biaya sehat bpjs susah banget rujuk parah lgsg igd rs lgsg opname adminnya nanyain pakai bpjs;Positif
insya allah ridho paham naik iur bpjs audit kerja thd bpjs sehat serta rekomendasi auditor sisi objektivitas buka bpjs manfaat;Positif
naik harga iur bpjs bantu org bayar bpjs org dapet nikmat fasilitas sehat perintah paham coba keluh;Positif
knp sih males analisa knp bpjs sehat hr naik iuranya coba baca deh utas prastow tntang bpjs sehat;Positif
klo negara maju ansuransi sehat spt bpjs hitung dapat orang orang klo orang dapat kaya paksa perintah bayar iur pajak klo orang miskin bayar iur pajak;Positif
gk berat naik bpjs org kerja tdk langsung bantu org butuh tolong sehat situ dlu;Positif
gotong royong tolong cinta bpjs sehat;Positif
pas dijelasin asuransi sehat lu bodoh jelek in bpjs pas sakit org trsayang sakit lu buru ngurus bpjs pas dah sehat ngga bayar premi sakit buru bayar premi biar dipake lu teriak defisit ken hihhh;Positif
bagus niat bantu saudara tanah air biar manfaat fadilitas sehat sedia bpjs;Positif
berat naikin iur bpjs biaya costs bleeding selesai baik management internal asuransi bidang sehat sy pikir kelola banyak ahli asuransi aktuarist ahli uang;Positif
suksidi silang canada bayang bpjs jalan uang brp orang ri dpt layan sehat spt bpjs sdh kacau balau rs tolak pasien krn rs blm bayar bpjs;Positif
perintah dpt tawar sempat kpd serta privilege brsedia bayar sesuai aktuaria tarik serta asuransi sehat gengsi bpjs rs kelas lg pandang belah mata thdp bpjs kelas;Positif
no worries om tep byr bpjs kes brp premi krn msh jauuuhhh lbh murmer dr asuransi sehat swasta double coverlah anggap;Positif
coba konsul bpjs lanjut asuransi bpjs efek manfaat sehat;Positif
bayar bpjs niat bantu butuh moga keluarga sehat selamat;Positif
cuman sembilan belas rb ribu delapan belas ribu puluh berat nil jamin sehat tdk pake kartu miskin nil ngapain gengsi tdk mending jujur perintah drpd lo paksa sok pake bpjs;Positif
pake bpjs kelas jalur mandiri karyawan aq pake bpjs bpjs bukti mmbantu cover sehat bayar sdh nikmat dr bpjs sdh atus kali lipat bpjs engga drpd batas layan biaya lg;Positif
bener banget alhamdulillah bpjs sehat bayar kerja potong persen gaji;Positif
pola pikir sehat kartu bpjs usaha guna tetap sehat atur sehat jasmani rohani sehat mahal guna kaya kayan obat sakit;Positif
layak iur bpjs naik orang hak konstitusi naik iur kelas satu sedekah bantu biaya sehat obat layan;Positif
dasar hukum naik bpjs beda dasar hukum batal ma laku putus ma batal keren banget rincian naik iur bpjs sehat corona;Positif
ayah beliau axa as sehat alih k as jiwa bikin ribet axa pdahal ayah sakit keras untung keluarga bpjs;Positif
gitu sih lihat data takjub serta bpjs sehat biaya perintah;Positif
tdk sama asuransi swasta bpjs asuransi usaha cari untung bpjs amanat konstitusk layan sehat masyarakat paham;Positif
kritik naik iur bpjs sehat sah sah kritik pakai alas rakyat miskin konyol kuadrat rakyat miskin bayar iur;Positif
rasain struk dlu lo pd bru rasain manfaatny bpjs bpjs anggap ja ni amal sehat pikir sehattt;Positif
klo gtu jgn pusing mikirin bpjs mas untung milik jamin sehat dr gk harap bpjs jgn kritis valid;Positif
bpjs alas negara hadir bantu masyarakat warga rakyat butuh kait didik sehat butuh penuh negara scara gratis indonesia kaya raya mbok kelola;Positif
turun kelas lindung sehat saat krisis ekonomi akibat pandemi serang kenan maaf mohon timbang naik iur bpjs sehat jokowi;Positif
makan mesti muter otak cukup keluarga paham polemik bpjs defisit asuransi sehat perintah asuransi;Positif
gin deh drpd muter mulu elo ngerasain lgsg manfaat bpjs iya knp negara kompleks sehat banget harap iur layan jg baik;Positif
peduli bantu rakyat turun harga bbm turun tarif listrik turun tarif iur bpjs sehat ngadain konser;Positif
tau sehat keluarga uang gimana bantu perintah suruh mandiri bingung inti rengek mahal coba bpjs kls puluh munkin aq usahain;Positif
jokowi cerdas bodoh opsi naik iur bpjs sehat pecat direksi;Positif
krn mantan staf bpjs sehat layan sehat;Positif
indonesia gapunya fasilitas sehat salah iur bpjs dinaikin bikin fasilitas sehat baik salah mau apas;Positif
simpel ferguso prinsip bpjs sehat gotong royong sesuai prinsip dasar sepakat besar iur perintah naik iur bpjs bumn;Positif
bpjs psbb longgar isu herd immunity jalan jg udh bgt jaga sehat gaji puluh jt bulan jg abis obat jaga sehat fisik mental spiritual;Positif
bagus biar bpjs manpu biaya layan keluh sehat masyarakat;Positif
fasilitas baik bpjs sehat perintah masyarakat harap akses pelanyanan sehat baik;Positif
teman sy jatuh dpn rumah tulang retak bayar cash enam puluh juta layang ganti tulang tiru operasi ganti bpjs sehat duit iur bulan ratus ribu ajah;Positif
patah tangan celaka rumah obat rs swasta biaya juta control dokter biaya iya cover full bpjs sehat;Positif
ente udh ajar konsep asuransi ajar gih sblm gonggong bpjs salah bentuk asuransi sehat d kelola perintah klo u pcy bpjs u pake allianz atw prudential bayar tu premi;Positif
rakyatpercayajokowi krn era jokowi fasilitas sehat massal bpjs nikmat rakyat indo;Positif
bpjs program gotong royong serta maaf gratis alias bayar perintah kis serta bayar anggap kelas tinggal pilih sesuai mampu sehat mahal;Positif
manajerial bpjs tutup rugi bpjs tutup rakyat bawah nurani dukung upaya perata tingkat layan sehat;Positif
ni tambahin dukung kpk baru naik iur bpjs sehat;Positif
sehat rakyat mari dukung bpjs sehat uang sehat harta no;Positif
pres subsidi juta dukung yuk guys;Positif
guys iur bpjs sembarang direksi bpjs sehat negara hadir bayar iur jkn juta;Positif
informasi pelemgkap mana perpress aman subsidi juta;Positif
patut dukung perintah putus baik pres subsidi juta serta;Positif
miskin sehat gratis bpjs klas naik orang negara dukung perintah peduli orang miskin ngebela bayar klas;Positif
jamin sehat didik salah cita diri bangsa konsep bpjs gotong royong dukung difahami ada sadar wajib benci sakit hati tutup;Positif
dirut bpjs sehat sungguh prestasi bpjs sehat alami defisit dirut bpjs sehat hasil selamat bpjs sehat alami defisit uang;Positif
temu bpkri fair bpk apresiasi bpjs sehat efektif kelola dana bidang sehat masalah rekomendasi potensi beban uang capai miliar bayar kapitasi dasar data serta aktif;Positif
ganjar puji presiden dlm tangan corona tanggap bijak jokowi naik iur bpjs sehat putus populer;Positif
naik bpjs kes kenaikannbpjs kes orang tau sehat mahal lo mesti jaga sehat naik besar naik walahhh berat pasti shok berat deh krisis;Positif
bpjs spt asuransi sehat jaga jgn smp dipake kl jgn dipake;Positif
skema sesuai besar iur bpjs sehat tera mudah paham;Positif
bpjs sehat layan sesuai besar;Positif
sesuai besar iur bpjs sehat langsung layan sehat rakyat;Positif
iya pa pa iur bpjs sehat krn mmg harga sehat orang konsumtif beli barang online beli nmn harga sehat wabah covid tata ulang prioritas dlm hidup konsumtif tetap bijaksana;Positif
pro logic aja asuransi sehat cover klo premi serendah klo biar aj provider gantiin bpjs klo dinaikin bubar bpjs klo bpjs bubar mudarat lbh dukung baik;Positif
nilai bantu misi negara bantu orang miskin akses layan sehat tarif bpjs murah dunia bantu negara jebol apbn;Positif
kemarin perintah jokowi maruf naik iur bpjs sehat tengah pandemi covid pandang perintah bangga penting rakyat banyak;Positif
jakarta patut gembira rasa nyaman jakarta urus passport bpjs ketenagakerjaan bpjs sehat moga wujud hadir masyarakat badung;Positif
syukur sehat kali bantu krn ada bpjs tolong bayar bpjs bayar bpjs ikhlas smg bantu orang butuh smg kelola bpjs shg manfaat;Positif
gimana udh rumah tetep paksa bayar kaya kantor udh kerjasama asuransi sehat third party tetep wajib bpjs cost sayang nikmat layan;Positif
semangat jaga sehat sehat harga mahal harga serta bpjs tenang;Positif
bpjs sehat masyarakat nikmat lindung jamin sehat biaya jangkau prinsip bpjs gotong royong tolong;Positif
bpjs sehat utama baik salah prinsip gotong royong;Positif
prinsip bpjs sehat gotong royong elemen libat tutup keluar iur bpjs;Positif
serta bpjs sehat sifat wajib milik jamin sehat bentuk asuransi dobel gitu deh papa tuju bpjs sehat gotong royong tolong iur bpjs;Positif
gotong royong iur bpjs bpjs sehat kelas lintas elemen asn tni polri kerja terima upah swasta ambil bahu bahu;Positif
bpjs pandang sbg solusi jangka sedia layan sehat mandiri sustainable prinsip gotong royong sdh patut ada msh masyarakat beli rokok n pulsa iur bpjs suka ngomel;Positif
support bpjs sehat layan puas masyarakat gotong royong tolong;Positif
subsidi perintah kls mandiri bagi bentuk gotong royong terap bpjs sehat elemen libat tutup keluar iur bpjs;Positif
moga gotong royong jaga kualitas sinambung program jamin sehat masyarakat bpjs jalan iur bpjs;Positif
bahas bpjs sehat moga baik yuk tolong gotong royong serta bpjs iur bpjs;Positif
bpjs sehat utama baik salah prinsip gotong royong iur bpjs;Positif
prinsip anut bpjs sehat gotong royong tolong sambung iur bpjs;Positif
prinsip bpjs sehat gotong royong tolong naik iur tolong tingkat faslititas bpjs sehat iur bpjs;Positif
bain bpjs jaring kam sosial bidang sehat;Positif
sanggup bayar bpjs bpjs pola hidup sehat doa allah swt senantiasa sehat biar kluar uang obat elu trs medsos klo sanggup renti gitu repot;Positif
nambahin tips nego gaji make sure tanggung beban pph bpjs tapera miss pas nego eh gilir gaji potong macem patok angka inget nama benefit jd jarak kantor deket kerja jamin sehat;Positif
jg serta bpjs sehat jkn kis tunggak longgar lunas loh tenang yaaa status serta aktif bayar prinsip gotong royong tolong;Positif
sadar prinsip bpjs sehat gotong royong tolong salah bentuk sumbangsih negeri tolong butuh bantu dana awat sehat syukur pakai sakit;Positif
bpjs bantu masyarakat azas gotong royong jd panik krn salah satu jaga sehat;Positif
pokok paham ajah prinsip iur bpjs susah doyan boba coba anggar boba bayar bpjs sehat sisa yuk gotong royong tolong tolong rajin bayar iur;Positif
prinsip bpjs gotong royong tolong pandemi butuh bantu sehat iur bpjs;Positif
sepakat pikir serta bpjs kelas alhamdulillah kasih sehat jd biar butuh manfaat senang gotong royong bantu butuh;Positif
guys skrg paham bpjs asuransi sehat jamin sehat perintah rakyat bpjs istilah gotong royong tolong tolong inti rakyat bayar premi;Positif
new normal masker jaga jarak cuci tangan bpjs sehat gotong royong;Positif
bpjs sehat cair dana bpjs sehat sifat gotong royong iur bayar manfaat serta butuh manfaat layan;Positif
presiden indonesia bp ir soekarno pondasi bangsa kuat adlah gotong royong nilai hakiki jiwa hati sanubari diri republik bpjs adlah gotong royong manusia sehat;Positif
iya bpjs sehat program gotong royong kurang tanggung apbn;Positif
bpjs gotong royong bikin rekening gotong royong bank tanzania puluh juta nyambung bpjs makan restaurant dana bpjs struck bayar dana kumpul sehat rakyat miskin facilitates kelas rakyat;Positif
psbb selesai nongkrong disiplin jaga sehat gotong royong tolong;Positif
temen temen naik bpjs lanjut layan bpjs inti gotong royong tolong;Positif
naik iur bpjs lanjut gotong royong tolong;Positif
masyarakat sadar dlm bayar iur jgn jarang sakit bayar iur bpjs sehat sifat gotong royong sehat batu sakit gitu om mardani ali sera jgn nyalahin perintah;Positif
new normal bareng babeh jek bedul terap disiplin masker jaga jarak cuci tangan bawa hand sanitizer yaa gotong royong tolong bpjs sehat layan baik masyarakat;Positif
yuk jaga jarak gotong royong tolong lupa pakai masker cuci tangan sabun air alir;Positif
terap new normal jaga jarak aman cuci tangan lindung lupa pakai masker gotong royong tolong moga normal;Positif
salah prinsip bpjs sehat adlh gotong royong allhamdulillah bpjs sehat kis adik sy selmt setlh operasi tumor otak kali operasi kepala terima kasih tuk negara bayar bpjs indonesia smoga sellu sehat damai indonesia ku;Positif
new normal taat protokol pakai masker jaga jarak aman habis darimana cuci tangan tangan bersih gotong royong tolong;Positif
gerombol sumbu pendek mental gratis dungu paham ttg sehat negara gotong royong kunci klo bayar bs bantu perintah gerombol sumbu pndek nyampe arah tau bpjs teriak;Positif
prinsip bpjs sehat gotong royong tolong negara bantu bayar iur jkn juta plus pres subsidi;Positif
bpjs seprti udunan atw gotong royong bangun ego mkr kls tpi mrk mmpu biaya kamar rumah sakit vip kls ttp miris keadaanya hindar praktek busuk dlm sehat;Positif
nilai skema iur bpjs sehat baru atur presiden kelompok skema iur baik serta watak gotong royong adil;Positif
direksi bpjs papar terang video mana bpjs landas sistem gotong royong bantu nikmat layan sehat;Positif
ukur utama bhw pimpin tdk peduli rakyat krn bijak naik iur bpjs nota bene layan layan sehat rata sistim gotong royong;Positif
banget konsep gotong royong wajib warga negara indonesia milik bpjs sehat tmsk wajib usaha ikut karyawannya bpjs sehat bpjs sehat usaha asuransi sehat;Positif
bpjs sehat layan guna bpjs buruk periksa puskesmas keluh kasih obat paracetamol vitamin konstruksi dasar gotong royong;Positif
juta jiwa biaya perintah system gotong royong mudah;Positif
prinsip bpjs sehat gotong royong bumn swasta iur sepakat stakeholder serta;Positif
masyarakat ramai ramai tolak keras naik iur bpjs sehat coba lmbaga polling rs mrk tuju or tdk papar hasil pollingnya media bpjs org sakit shat jaga keshatan bantu sakit gotong royong;Positif
program bpjs uang negara mengcover butuh sehat warga bikin system gotong royong kayak bpjs benar mana yah gaji ajah inflasi masak iur bpjs;Positif
peran bpjs sehat rasa atur pres 2020 tetap iur bpjs dukung patuh atur;Positif
gin jelas serta kelas pbpu bp bayar iur bpjs puluh ribu orang alias kelas bpjs sehat;Positif
bilang bpjs sehat php perintah php perintah pikir rakyat no no no nyata perintah bpjs peduli;Positif
dukung bpjs sehat pandemi longgar status serta aktif pandemi tunggak bayar enam sisa uang beli takjil mending bayar iur bpjs biar engga berat;Positif
bpjs sehat bantu keluarga rasa manfaat bpjs sehat obat mertua kena stroke gratis rawat jalan fisiotherapy rawat inap operasi obat cek darah gratis bayar iur kls sj;Positif
iur bpjs sehat kelas kelas gratis gratis teriak iur bpjs sulit orang miskin orang bagi orang miskin lindung balik orang miskin;Positif
tahu guys bpjs naik iur jalan maksimal layan sehat aman tau bpjs defisit parah iuranbpjs;Positif
jamin sehat banget emang bom sakit sih ngga asa manfaat sakit asa banget loh sakit suruh bayar sekian puluh juta sakit banget bpjs;Positif
rawat inap semalama tujuh enam malam gara sakit lambung vertigo akut rawat jalan obat gratis bpjs sehat kelas bayar iur kali rasa manfaat;Positif
masya allah moga perintah mampu tuk bantu rakyat layan sehat iur bpjs tuk kelas krn subsidi;Positif
prinsip gotong royong tolong lapis masyarakat layan sehat bpjs iur bpjs;Positif
sulit kerja terima upah ppu daftar kolektif usaha kantor bpjs sehat dekat urus tinggal berkas hrd tau tau kartu serta dah iur bpjs;Positif
naik iur langsung bpjs sehat iur bpjs;Positif
sih kaget yah turut sih gpp biaa tingkat fasilitas bpjs sehat;Positif
konsul langsung kantor bpjs sehat ajah layan lupa pakai masker tes suhu gantung kantor bpjs sehat sih tutup;Positif
bantu manfaat sehat bpjs iur bpjs asuransi sisih antisipasi risiko;Positif
moga putus perintah naik iur bpjs manfaat senantiasa sehat aamiin yra;Positif
alhamdulillah bpjs sehat asuransi layan baik keluarga;Positif
teman tdk alami sulit ekonomi pliss jgn telat bayar iur bpjs sehat support mndukung lancar bpjs sehat;Positif
langsung bpjs salah ladang amal bantu lemah;Positif
iur bpjs kumpul sepenuh cukup biaya program ambil sesuai besar tarif iur bpjs sehat tingkat kualitas;Positif
naik iur bpjs sehat harap baik layan sehat idi nilai sulit bayar fasilitas sehat;Positif
lembaga jamin sehat sesuai tingkat ekonomi masyarakat bpjs khusus tengah bawah rumah sakit rumah sakit rujuk single tarif masuk akal hehe;Positif
naik iur bpjs berat serta perintah sigap hadir subsidi;Positif
iur percaya berat serta bijak bareng putus mudah win win solution;Positif
naik iur bpjs berat serta negara hadir bantu bpjs terima kasih perintah perintah subsidi bpjs serta bpjs sehat;Positif
teriak naik iur bpjs sehat paham kelas kelas subsidi perintah;Positif
naik iur bpjs jamin stabilitas uang jaga lanjut bpjs;Positif
salah kaprah naik iur bpjs sehat berat serta support bpjs sehat layan baik;Positif
naik iur bpjs sehat tingkat kualitas layan sehat masyarakat bukti masyarakat;Positif
iur bpjs gotong royong kelas tengah tas bantu kelas masyarajat sehat;Positif
iurang bpjs gotong royong bantu kuat sulit bantu layan sehat keluarga bahagia;Positif
salah nilai naik iur bpjs berat serta krn kelas perintah subsidi bpjs;Positif
naik bpjs jaga jamin sehat nasional bpjs jaga bantu masyarakat;Positif
iur bpjs sehat alas gotong royong baik;Positif
gotong royong tolong naik iur bpjs sehat berat tuk serta smga masyarakat tolong;Positif
dapat naik iur bpjs berat tuk serta orang data mari doa baik gotong royong tolong;Positif
sektor kerja tingkat tambal defisit usaha daftar pegawai program bpjs sehat;Positif
gk keleeess mending bpjs murah riah ambil kelas murah banding asuransi sehat;Positif
sesuai besar iur bpjs sehat langsung layan rakyat;Positif
sy lho mas bpjs jamin sehat keluarga apa kelas oenting obat kl sulit bayar bpjs coba aju pbi biar biaya dibayarin perintah mekanisme dpt surat dr desa trus bawa dinsos;Positif
sesuai besar iur bpjs sehat langsung layan sehat rakyat;Positif
mampu pilih bayar iur kondisi program sehat iur pakai tolong sakit;Positif
coba masyarakat dewasa pikir mantan dpr gagal tukang nyinyir didenger bpjs bantu masyarakat tengah atas ekonomi plg ribut kls gpp jokowi hancur mafia sehat jg;Positif
bantu sehat bantu sakit bpjs butuh layan sehat sehat bilang bpjs haram;Positif
riya sehat bayar bpjs kelas nyiyir beli kouta internet bulan ratus ribu maaf dar contoh;Positif
salah satu faktor moga naik iur bpjs tingkat layan sehat masyarakat;Positif
knp rakyat beban naik iur kelas salah kelola bpjsnya turun kelas solusi protes lindung balik miskin hak rakyat layan sehat dri uang mrk kelola bpjs;Positif
mertua pake bpjs oprasi tiroid sampe ablasi kontrol sampe skg krn hrs ablasi kali oprasi katarak ayah mertua msh rutin kontrol minum obat krn stroke bayang gimana bayar klo pake bpjs sehat;Positif
salam sehat dm terima interaksi dm terima kasih gs;Positif
bpjs sehat gera gotong royong cegah tenaga sehat kena corona metrotimes news jackylatuhihin;Positif
lupa ikut lomba rally vlog sehat ala tantang minggu tema tips makan sehat info cek link bpjskesehatan iuranbpjs;Positif
bpjs sehat sebut naik iur dasar pres nomor penuh aspirasi masyarakat gabung komisi ix dpr ri;Positif
masyarakat peluang menang sprti dlm gugat masyarakat pasal pres mahkamah agung ma masyarakat hasil batal bijak perintah naik tarif bpjs sehat kelas iii rezimparanoid;Positif
perintah pusat ambil alih tanggung iur serta badan selenggara jamin sosial bpjs sehat kategori terima bantu iur pbi juli perintah;Positif
tau bpjs sehat ada lomba rally vlog sehat ala tantang minggu tips makan sehat ikut yuk sumber;Positif
dirut bpjs presiden jokowi hormat putus ma ubah iur bpjs sehat bpjskesehatan iuranbpkskesehatan jokowi fahmiidris;Positif
teman teman lomba seru nih bpjs sehat ada lomba rally vlog sehat ala tantang minggu tips makan sehat info lengkap teman teman klik link yuk gegas;Positif
bpjskesehatan ada lomba rally vlog sehat ala tantang minggu tips makan sehat;Positif
iur sehat org y jk mmg tdk mgunakannya n sbg syukur kasih sehat jujur sy tdk bpjs;Positif
rapat yuk bpjs sehat ada lomba rally vlog sehat ala cek link bawah;Positif
bayang klu ngga bpjs sehat bingung bayar biaya rmh sakit smua mmg plus n minus klu sdh pikir mslh sehat rasa keluar duit ribu bknlah berat;Positif
ppp rakyat peluang menang gugat naik bpjs sehat;Positif
ppp rakyat peluang menang gugat naik bpjs sehat;Positif
bpjs sehat jaga kualitas sinambung program jamin sehat bpjskesehatan bpjsnaiklagi covid;Positif
atur presiden naik bpjs sesuai aspirasi masyarakat bpjskesehatan bersamalawancorona;Positif
naik iur langsung bpjs sehat masyarakat manfaat;Positif
naik iur bpjs jamin stabilitas uang jaga lanjut bpjs;Positif
fraksi pan pks partai demokrat dpr kamis perintah batal naik iur bpjs sehat tepat batal pres no;Positif
naik iur bpjs sehat jaga lanjut program jamin sehat nasional jkn;Positif
bpjs sehat bebas denda tunggak iur;Positif
istana naik iur bpjs sehat hitung mampu bayar masyarakat;Positif
bpjs sehat bebas denda tunggak iur;Positif
agusyudhoyono naik iur bpjs sehat tingkat layan fasilitas sehat moga faham;Positif
bpjs butuh gotong royong tahan eksistensi layan sehat masyarakat naik iur serta kelas efektif subsidi iur berat pindah kelas;Positif
perintah ngambil bijak naik iuranbpjs sesuai iur bpjskesehatan cantum pres no subsidi perintah serta pbpukelas iii periode juli desember;Positif
menteri koordinator bidang ekonomi airlangga hartarto putus naik iur jamin sehat nasional kartu indonesia sehat jkn kis jaga lanjut bpjs sehat;Positif
kepala biro humas mahkamah agung ma abdullah langkah perintah naik iur bpjs sehat atur presiden nomor;Positif
naik iur bpjs tuju jaga kualitas sinambung program jamin sehat bijak dana jamin sehat iur sinergi bijak uang negara proposional;Positif
serta bpjs sehat kelas iii subsidi perintah;Positif
sesuai besar iur bpjs sehat langsung layan sehat rakyat bayang pagebluk masyarakat paham jaga negara;Positif
bpjs butuh gotong royong tahan eksistensi layan sehat masyarakat naik iur serta kelas efektif subsidi iur berat pindah kelas;Positif
negara hadir sesuai iur bpjs sehat yuk simak jelas;Positif
serta bpjs sehat kelas iii subsidi perintah;Positif
covid tunggak iur bayar max tunggak pres sesuai jalan perintah ma;Positif
bpjs sehat upaya layan baik masyaraka;Positif
peran bpjs sehat rasa atur pres 2020 tetap iur bpjs dukung patuh atur;Positif
gin jelas serta kelas pbpu bp bayar iur bpjs puluh ribu orang alias kelas bpjs sehat;Positif
dukung bpjs sehat pandemi longgar status serta aktif pandemi tunggak bayar enam sisa uang beli takjil mending bayar iur bpjs biar engga berat;Positif
