,words,cluster
0,masyarakat mudah layan mata fasilitas sehat tingkat,2
1,bpjs sehat ketenagakerjaan manfaat bagus,2
2,alhamdulillah bpjs sehat bener bantu warga pandemi,2
3,bpjs iur banding premi asuransi sehat poin plus,2
4,naik iur org hasil minim bpjs subsidi perintah,2
5,manfaat berkat jkn kis serta bpjs sehat lancar jalan cuci darah,1
6,terimakasih bpjs karna tanggung obat kalau bpjs tau bayar,2
7,jkn kis harisomawati salah serta bpjs sehat lancar jalan cuci darah,1
8,salah fasilitas bpjs sehat jalan cuci darah gratis bukti,2
9,harisomawari salah serta jkn kis lancar jalan cuci darah fasilitas bpjs sehat,2
10,syukur masyarakat bantu banget jkn kis serta bpjs sehat lancar jalan cuci darah,1
11,bpjs sehat bantu warga pandemi,2
12,konsul sehat mental pake bpjs manfaat,2
13,naik iur bpjs biar bpjs hidup bayang bpjs tanggung biaya rumah sakit,2
14,bpjs wajib sehat ketenagakerjaan ketenagakerjaan lumayan banget guna,2
15,alhamdulillah terima kasih lunas tunggak bpjs moga sehat,2
16,alam nunggu ortu hemodialisis bersih darah jadi panik jamin lancar berkat jkn kis,2
17,iur bpjs naik langsung sehat rakyat,2
18,antri pagi bpjs sehat samsat bulak kapal bekas pake masker jaga jarak,2
19,naik iur langsung bpjs sehat yuk,2
20,hadir program jkn kis buka akses layan sehat jangkau kualitas bantu,2
21,wabah corona bpjs layan sepenuh hati baru nih masyarakat aplikasi daring bas media sosial cika suara interaktiv jkn coba,2
22,guna vika chika manfaat salah satu dukung social distance rumah ecek tagih adu coba nih,2
23,inovasi bagus tengah wabah corona dkeluarkan bpjs sehat mana serta aplikasi bas medsos chat jkn chika voice interactive jkn vika,2
24,suka balas cepat cepat balas chat doi,2
25,layan vika chika bpjs sehat ri mudah masyarakat ecek status tagih serta jkn kis pokok support bpjs sehat nih,2
26,ecek status tagih serta jkn kis bpjs sehat care center layan vika berita adu chat asistant jkn chika simple praktis,2
27,bpjs sehat bantu masyarakat layan informasi vika chika,2
28,bangga support bpjs sehat dukung layan vika voice interactive jkn chika chat asistant jkn masyarakat layan,2
29,senang banget bpjs sehat lengkap layan dukung vika mudah akses,2
30,tau nih layan aplikasi mobile jkn aplikasi mudah masyarakat online kantor bpjs sehat,2
31,bpjs sehat layan baik pandemi covid,1
32,bpjs sehat cuci darah mudah,1
33,sadar informasi banget teliti alas iur,2
34,kelas kelas negara hadir bantu masyarakat,2
35,kali dangkal informasi riuh baca biar paham kait bijak bpjs sehat,2
36,gotong royong baik iur bpjs sehat,2
37,naik tarif iur bpjs opsi sulit langsung bpjs sehat jamin sehat masyarakat,2
38,sih bpjs tutup bikin susah rakyat sesuai tarif bpjs bantu masyarakat butuh,2
39,paham yuk dukung apa putus moga layan,2
40,perintah bantu iur serta bpjs sehat moga bpjs sehat layan baik masyarakat,2
41,bpjs sehat mending hapus baik kalau sih bpjs layan sesuai tarif,2
42,perintah usaha bantu masyarakat layan sehat baik moga tenang masyarakat,2
43,ilustrasi kartu ambar serta puas layan bpjs sehat,2
44,ngerti iur kelas aman berat,2
45,jelas iur bpjs kontak mudah paham enak banget,1
46,pasti mending baik hapus kasi butuh,2
47,mending hapus baik sih hapus rasa dampak positif,2
48,atur iur bpjs sehat tetap perintah tuju tingkat fasilitas,2
49,polemik bpjs sehat iur naik protes tepat salah paham rakyat miskin bantu tanggung,2
50,tau gin bpjs mending hapus lanjut kalo mending lanjut benah manfaat,2
51,pribadi pilih bpjs sehat baik prinsip gotong royong tolong dalam,3
52,perintah atur tuju benah depan layan terima masyarakat maksimal,2
53,mending baik masyarakat puas layan bpjs sehat rasa manfaat,3
54,cuman pilih bpjs sehat mending hapus baik sih tuju baik manfaat,2
55,lanjut bpjs penting azas manfaat terima dukung,3
56,pribadi pilih bpjs sehat baik prinsip gotong royong tolong dalam manfaat,2
57,bpjs manfaat,0
58,sumpah baca bpjs kesel tau tenang,2
59,pakai bpjs kan senang gratis,2
60,serta jkn biaya perintah berat,2
61,fasilitas serta turun kelas bpjs sehat panjang program super praktis berat,2
62,iur tapera bpjs sehat naker tuju pajak bea cukai ppn,2
63,aplikasi mobile jkn pandu layan milik bpjs sehat serta bpjs sehat care centre manfaat,2
64,malam teman teman layan bpjs sehat ini layan pandu milik bpjs sehat mudah masyarakat,2
65,bpjs sehat chika vika bantu masyarakat,2
66,fasilitas serta turun kelas bpjs sehat panjang program super praktis manfaat,2
67,awat pasien covid klaim perintah hasil pcr positif hasil pcr hasil negatif pasien tanggung bpjs sehat pasien serta bpjs sehat,2
68,layan tingkat alfian manfaat jkn kis,2
69,mobile jkn mudah komunikasi serta dokter,2
70,layan pandu milik bpjs sehat serta serta puas layan,2
71,info lengkap layan pandu milik bpjs sehat serta manfaat,2
72,susah pandemi bantu layan aplikasi bpjs sehat mobile jkn care center fasilitas chika vika bismillah moga lanjut,2
73,bayar bpjs sehat pdam pln rumah,2
74,hubung bpjs sehat mobile jkn care center chika vika bpjs enak layan,2
75,infografis bpjs sehat mudah paham nih,2
76,layan pandu milik bpjs sehat serta teman cek bantu biar paham,2
77,layan pandu milik bpjs sehat via online offline serta bantu,2
78,kerja gaji potong iur syukur kerja mikirin hak karyawan sehat jamin tua banget kerja swasta mikirin begitu kerja sampe tahun bpjs sehat,2
79,layan aplikasi bpjs sehat manfaat masyarakat mobile jkn care center fasilitas chika vika pokok mudah akses sehat bantu,2
80,bpjs sehat pandu layan serta mudah guna,2
81,guys kasih tau nih layan pandu milik bpjs sehat serta manfaat,2
82,bpjs sehat care center layan serta jkn kis puluh jam bantu,2
83,bpjs sehat milik pandu layan serta loh mudah serta bpjs aksen,2
84,layan bpjs sehat akses serta mudah serta,2
85,gimana nih layananan bpjs sehat maksimal layan sedia serta mantap sih,2
86,pandu layan bpjs sehat harap serta puas cek mana layan serta puas layan bpjs sehat,2
87,mudah bpjs sehat serta layan pandu gambar,2
88,pandu layan milik bpjs sehat mudah layan,2
89,perintah bantu serta jkn kis kelas,2
90,sih bpjs tau latar belakang nge judge iur bawah standar manfaat sungguh resiko butuh naik iuaran bpjs sehat sehat serta,2
91,serta jkn biaya perintah serta segmen terima bantu iur program jamin sehat nasional kelola bpjs sehat,2
92,berita komplit kasih rumah kaga bpjs untung sehat dicover bpjs tapera gimana,2
93,bpjs sehat perhati derita hipertensi diabetes covid,2
94,bpjs layan juang haryanah jalan kemoterapi jkn kis,2
95,chika sahabat serta jkn kis mudah masyarakat,2
96,bpjs sehat pati salur bantu bpjs peduli bantu masyarakat,2
97,iur bpjs naik bpjs ngga bangkrut beban sehat tanggung bpjs capai puluh koma milyar kelas subsidi perintah ngga subsidi dah lu koar koar,2
98,bijak spirit bagus diterapin negara tuju bantu butuh tinggal layak tinggal implementasi sampe jadi kayak bpjs sehat rugi,2
99,prinsip program tapera bpjs sehat bpjs ketenagakerjaan inti serta bayar iur tapera simpan benefitnya serta nikmat manfaat bpjs sehat obat gratis terms and conditions,2
100,iur bpjs tk sehat iur tapera tabung wajib kerja uang kelola softloan sedia huni layak beli bangun rehab kerja nabung situ serta pinjam simpan persen gaji,2
101,lunas tunggak iur tunggak iur tunggak serta data usul serta terima bantu iur iur tanggung perintah sesuai basis data padu,2
102,bpjs naker beres beres sehat masalah beda penting rakyat ngemplang bayar iur pas sakit sembuh stop bayar,2
103,bamsoet panggil akrab dorong perintah pantau biaya awat pasien covid tanggung bpjs sehat,2
104,bpjs sehat bangun sinergi skala global fpgh,2
105,mobil jkn aplikasi andal pandemi covid,2
106,bpjs wajib sehat ketenagakerjaan ketenagakerjaan lumayan banget sih pas pandemi gin phk pas cek saldo tau tau puluh juta tabung sana pas bayar asa sehat blm pake anggap amal,2
107,tahun lawan sakit asam lambung mujiati bantu baik perintah program jkn kis segmen pbi,2
108,iur bpjs naik langsung sehat,3
109,baik jkn kis perintah bantu mujiati lawan sakit,2
110,cerita soko ubah hak kelas jkn kis kendala lindung,2
111,bpjs sehat bener bantu warga pandemi,3
112,konsul sehat mental pake bpjs,3
113,bpjs iur banding premi asuransi sehat hujat habis rakyat indonesia pandai syukur,2
114,naik iur org hasil minim skg bpjs subsidi perintah sisa urus lurah insya allah jalan pribadi syukur bpjs jamin sehat moga manfaat,2
115,simpul pro kontra naik iur bpjs sehat tdk tau skrg jgn pas sakit ngurus eh tau tau ngurus blgnya ribet sulit ayo pikir bantu butuh,2
116,terimakasih bpjs karna tanggung obat tdk bpjs tdk tau bayar obat pakai teman teman tdk sengaja baca twit jaga sehat karna sehat mahal apa,2
117,berterimakasih allah karna sehat hak berterimakasih bpjs karna berkat ortu beban biaya rs,2
118,salah fasilitas bpjs sehat jalan cuci darah gratis sdh bukti,2
119,pandemi bahagia baca kabar pasien bpjs layan cuci darah wabah corona,2
120,serta bpjs sehat bantu sanak kerabat jaga sehat salah satu fasilitas cuci darah sedia terima kasih bpjs,2
121,bayang sih keluarga kena gagal ginjal kudu cuci darah minggu sambung idup sedih kartu jkn kis terima kasih bpjs,2
122,sakit meriang batuk flu manfaat kartu jkn kis asa beda keluarga cuci darah gagal ginjal serta bpjs sehat bantu,2
123,ajak milenial cipta inovasi digital bpjs sehat gelar kompetisi virtual hackathon,2
124,untung pasien serta jkn kis bayar biaya cuci darah,2
125,bgt tolong jkn kis contoh nih,2
126,untuk ikhlas bayar naik bpjs turun kelas doa bayar bpjs sehat untuk mama sehat minum obat umur hidup tanda anak terimakasih bpjs,2
127,tangan rs pasien bpjs sisi ngebantu banget butuh tangan sehat,2
128,bukti bpjs sehat tolong rakyat sakit serta bpjs sehat lancar jalan cuci darah wabah corona,2
129,bpjs sehat mudah serta turun kelas awat,2
130,mba jor joran ngeluarin duit untung bpjs sehat bantu,2
131,bpjs sehat layan sehat baik,2
132,serta bpjs sehat lancar jalan cuci darah jkn kis moga bpjs layan baik masyarakat,2
133,manfaat bpjs sehat rasa banget contoh pasien cuci darah biaya tercover,2
134,salah pasien tolong bgt sma bpjs sehat tu pasien cuci darah op dpt kamar ranap ruang cuci darah banyak pasien so happy tolong,2
135,terimakasih bpjs habis juta rupiah awat lansia jalan ngotot bpjs asuransi sehat doa sehat jatuh sakit biaya obat mahal,2
136,bayang besar biaya tanggung pakai bpjs pasien cuci darah betapa bpjs bantu banget,2
137,bahagia sehat ibu senang bpjs esehatan tenang proses obat,2
138,bpjs sehat bantu masyarakat layan cuci darah wabah covid,2
139,sih jkn kis serta bpjs sehat lancar jalan cuci darah,2
140,anak masuk rumah sakit usia gratis berkat bpjs sehat sedih mikirin nasib pasien cuci darah bpjs hapus,2
141,syukur amat tiada henti ucap bibir ni made sri harisomawati syukur ucap khusus hadir program jamin sehat nasional kis,2
142,malam pandemi virus bpjs sehat ri layan serta jkn kis eperti serta bal terima manfaat bpjs cuci darah kali minggu moga masyarakat puas layan bpjs sehat,2
143,salah serta besyukur jkn kis serta bpjs sehat lancar jalan cuci darah,2
144,puji tuhan bpjs sehat manfaat masyarakat moga masyarakat sehat,2
145,senang dengar wati layan sehat bpjs sehat moga sehat,2
146,artikel pasien jkn kis serta bpjs sehat lancar jalan cuci darah layan bpjs sehat puas masyarakat,3
147,selancar sore sore nemu artikel pasien jkn kis serta bpjs sehat lancar jalan cuci darah layan bpjs sehat puas masyarakat terima kasih bpjs,2
148,jkn kis serta bpjs sehat harisomawati lancar jalan cuci darah minggu kali bantu,2
149,masya allah jkn kis serta bpjs sehat lancar jalan cuci darah bantu moga sehat amin,2
150,pandemi serta bpjs sehat jalan cuci darah lancar,2
151,ayah wanti wanti sampek telat bayar bpjs niat amal sehat tuhan syukur bayar bantu orang sakit,2
152,bpjs ketenagakerjaan mah bagus hitung hitung tabung pensiun celaka kerja ikutin prosedur bantu banget bpjs sehat pakai potong bpjs sehat defisit terima kasih bpjs,2
153,sore dipungkiri tolong bpjs sehat ri,2
154,naik iur harap bpjs layan baik support bpjs sehat layan baik masyarakat indonesia,2
155,iur bpjs harap layan fasilitas baik warga indonesia harap serta puas layan bpjs sehat bantu sakit berat,2
156,iur bpjs relatif murah banding kualitas tangan layan bpjs sehat puasa masyarakat indonesia,2
157,berkat bpjs sehat serta bpjs cuci darah lanjut bpjs baik moga bpjs bantu orang,2
158,alhamdulillah jkn kis serta bpjs sehat lancar jalan cuci darah alami tetangga lancar cuci darah kali minggu,2
159,jkn kis serta bpjs sehat lancar layan cuci darah wabah corona,2
160,moga teman derita gagal ginjal lancar proses cuci darah rumah sakit rasa manfaat bpjs sehat,2
161,barusan liat info guna jkn kis bpjs sehat jalan cuci darah,2
162,obrol mpo dokter pasien cuci darah harap hidup usia puluh bpjs sehat bantu pasien cuci darah tanggung biaya awat,2
163,serta puas layan bpjs sehat harisomawati salah pasien bpjs lancar jalan cuci darah,2
164,harisomawati salah pasien jkn kis rutin jalan cuci darah masa pandemi bagi manfaat serta jkn kis,2
165,wabah corona bpjs sehat layan baik pasien jkn kis jalan cuci darah,2
166,fasilitas layan baik serta jkn kis bpjs sehat cuci darah,2
167,hamdalah berkat jkn kis serta benar rasa manfaat untung bayar iur rutin cuci darah kali minggu mantul,2
168,alam nunggu ortu hemodialisis bersih darah panik jamin lancar berkat jkn kis bpjs sehat,2
169,yuk support bpjs sehat layan baik nyata loh jkn kis serta bpjs sehat lancar jalan cuci darah prinsip gotong royong tolong nih,2
170,bukti jkn kis bantu masyarakat salah satu harisomawati cuci darah jkn kis gotong royong tolong,2
171,harisomawati salah serta jkn kis rasa manfaat program jkn kis pandemi lancar jalan cuci darah,2
172,pasien serta bpjs sehat jalan cuci darah alhamdulillah lancar jkn kis bantu jalan obat pikir biaya,2
173,rasa manfaat bpjs sehat nih serta jkn kis lancar jalan cuci darah beliau syukur bpjs sehat hadir masyarakat,2
174,alhamdulillah serta bpjs sehat lancar cuci darah jkn kis moga cepat sembuh,2
175,simak deh info jkn kis serta bpjs sehat lancar jalan cuci darah alhamdulillah moga guna bantu,2
176,alhamdulillah jkn kis lancar jalan cuci darah manfaat serta jkn kis bpjs sehat,2
177,jkn kis serta bpjs sehat lancar jalan cuci darah mudah keluar layan bpjs sehat,2
178,jkn kis serta bpjs sehat lancar jalan cuci darah,5
179,berkat bpjs sehat cuci darah lancar jalan gotong royong tolong,2
180,tengah kondisi pasien cuci darah binggung cuci darah uan untung jkn kis bantu serta cuci darah halang,2
181,ipar perempuan lahir bantu bpjs sehat lahir gimana cuci darah periode bantu,2
182,jkn kis serta bpjs sehat lancar jalan cuci darah neng dengernya moga lekas sembuh mbak,2
183,jalan cuci darah rutin biaya butuh untung bpjs mengcover biaya cuci darah pasien bantu,2
184,bpjs sehat tolong rakyat sakit info bawah serta bpjs sehat lancar jalan cuci darah,2
185,tengah kondisi pasien bpjs sehat lancar loh jalan cuci darah hambat apa terima kasih bpjs sehat ri,2
186,bpjs sehat tolong rakyat sakit nyata baca berita bawah pasien layan cuci darah wabah corona tanggung biaya awat,2
187,delapan jalan obat rutin cuci darah rsud saiful anwar khawatir kait biaya obat dicover bpjs sehat syukur,2
188,wabah bpjs sehat tolong rakyat sakit salah saksi serta lancar jalan cuci darah,2
189,suka main sakit mama tugas curhatan pasien nih cerita berkat jkn kis bpjs sehat rutin cuci darah,2
190,bpjs sehat tolong bantu bangun masyarakat,2
191,manfaat jkn kis contoh serta bpjs sehat lancar jalan cuci darah pikir biaya mahal,2
192,serta bpjs sehat lancar cuci darah manfaat jkn kis,2
193,wujud nyata kerja bpjs serta jkn kis jalan cuci darah lancar bpjs sehat dukung gotong royong tolong,2
194,jkn kis serta bpjs sehat lancar jalan program cuci darah beliau syukur jkn kis,2
195,iya tri harga bpjs rs swasta mahal terima kasih perintah jokowi sehat selamat rakyat bangsa,2
196,asli deh bosen bgt ngadepin org konsultasi sakit butuh periksa bingung gara bpjs serius asuransi sehat karna akses layan sehat butuh primer inget jgn ngegampangin ngasih tau nyesel,2
197,biaya sehat bilang jangkau bpjs bilang murah manfaat banget,2
198,pantes series new amsterdam diceritain gimana jelek sistem sehat indonesia suka bete bpjs turut engga mahal,2
199,manfaat terima serta jamin sehat nasional jkn,2
200,naik iur bpjs sehat wajar jangkau,2
201,iur bpjs benah sehat naik bpjs pelayananya beda bantu sakit berat,2
202,iur bpjs sehat naik defisit uang nilai bayang asuransi sehat milik perintah bantu masyarakat butuh,2
203,jangkau naik tarif bpjs upgrade sehat iur bpjs sesuai prosedur sehat,2
204,baik sistem upgrade sehat naik baru tatanan bpjs bantu serta jkn kis,2
205,perintah bantu subsidi iur bpjs sehat,2
206,bayar operasi biaya operasi dokter juta bayar bebas biaya terima kasih bpjs,2
207,cuci darah delapan gatot terima kasih serta jkn kis,2
208,modal kartu jkn kis salin bebas biaya bantu banget,2
209,bpjs bantu hitung iur bayar tdk banding jik awat biaya rumah sakit mahal syukur pemerinrah perhati sehat,2
210,teman pasang pen tulang rs fatmawati bpjs sehat gratis bolak manfaat,2
211,menghayal perintah pelayana sehat gratis bpjs puas lebih kurang,2
212,perhati bpjs jamin sehat rakyat alami defisit wajar perintah selamat menyalamatkan penting rakyat jernih pikir tendesius,2
213,sadar perintah usaha jamin sehat sepenuh rasa manfaat biar defisit ambyar buat skema subsidi kelas,2
214,naik iur bpjs sehat hindar defisit anggar naik prediksi tingkat fasilitas sehat serta paham luap postingan provokatif,2
215,puji syukur bpjs sehat ayah rawat rs jantung harkit puluh tanggung bpjs sehat program dr mid thn ribu belas daftar kerja,2
216,sepakat pikir serta bpjs kelas alhamdulillah kasih sehat biar butuh manfaat senang gotong royong bantu butuh,2
217,buat asuransi sehat bpjs murah manfaat,2
218,mending iur bpjs sehat bubar era mana orang miskin larang sakit,2
219,saat negara hadir layan sehat sambut peran aktif rakyat coba bpjs hapus krn problem defisit turun turun gimana nasib sakit berat,2
220,bpjs bpjs sehat alami defisit naik iur salah kurang defisit manfaat,2
221,bpjs ratus ribu teriak sehat butuh primer manusia beli paket internet bayar wifi notabene cuman butuh sekunder miris teknologi kalah akal sehat,2
222,bpjs program gotong royong serta maaf gratis alias bayar perintah kis serta bayar anggap kelas tinggal pilih sesuai mampu sehat mahal,1
223,bpjs manfaat murah asuransi sehat swasta telat sampe bayar iur,2
224,rakyat sanggup bayar iur bpjs sehat kelas iur naik,2
225,gotong royong harap jaga kualitas sinambung program jamin sehat masyarakat bpjs jalan lanjut,1
226,langsung bpjs salah ladang amal bantu lemah ekonomi,2
227,pokok paham prinsip iur bpjs susah doyan boba coba anggar boba bayar bpjs sehat sisa yuk gotong royong tolong tolong rajin bayar iur,2
228,kontribusi perintah subsidi iur bpjs sehat rasa bantu serta bpjs serta jkn kis,2
229,perintah cari solusi biaya sehat jamin bpjs sehat tolong tolong iur bpjs gimana sakit kelas nutupi kurang biaya sehat bpjs sehat gratis,2
230,sehat no uang sakit sakit rasa mahal sehat tuju naik bpjs sehat,2
231,support insya allah jalan lancar layan bpjs sehat ganggu,2
232,teman teman alami sulit ekonomi plis telat bayar iur bpjs sehat support mndukung lancar bpjs sehat,2
233,harap naik iur bpjs moga depan layan bpjs sehat tingkat layan masyarakat maksimal,2
234,alhamdulillah bpjs sehat asuransi layan baik keluarga,1
235,bpjs sehat bantu masyarakat tengah rutin obat bpjs biaya keluar cover biaya,2
236,bijak ambil langsung bpjs sehat maklum sesuai besar tarif iur bpjs,2
237,sehat jamin perintah warga miskin itu prosedur prosedur rt rw lurah camat bpjs kartu bpjs langsung obat,2
238,bijak terap cegah masyarakat sembarang pindah pindah kelas bulan sulit bpjs sehat biaya sehat,2
239,naik iur langsung bpjs sehat,4
240,mari support bpjs sehat bpjs sehat rasa manfaat,2
241,elemen libat tutup keluar alas naik iur bpjs iur kumpul cukup biaya program bpjs sehat sesuai besar tarif,2
242,bpjs butuh gotong royong tahan eksistensi layan sehat masyarakat naik iur serta kelas efektif ribu puluh subsidi sembilan ribu ratus iur berat pindah kelas,2
243,naik kelas notabene orang donasi covid gotong royong bpjs sehat turun kls kelas tanggung bpjs,2
244,ceceu rasa manfaat bpjs sehat teman kerja ceceu jg istri lahir bantu rawat inap bantu biaya cover bpjs sehat,2
245,bantu manfaat sehat bpjs iur bpjs asuransi sisih antisipasi risiko,1
246,critanya bpjs sehat defisit ribu belas parah ribu tujuh belas ribu delapan belas salah satu tunggak bayar iur bpjs bantu gotong royong bantu butuh,2
247,serta bantu bpjs sehat biaya rumah sakit mahal,2
248,naik sesuai pres enam puluh subsidi koma triliun carry on defisit indonesia jamin sehat sepenuh pola skrg masyarakat manfaat hancur bpjs awas,2
249,dipikirin gimana usaha asuransi compete kasi harga murah kerjasama program subsidi sehat bpjs miskin dicover full sisi edukasi push strong middle class bantu,2
250,bpjs bantu masyarakat azas gotong royong panik salah satu jaga sehat,2
251,sadar prinsip bpjs sehat gotong royong tolong salah bentuk sumbangsih negeri tolong butuh bantu dana awat sehat syukur pakai sakit,1
252,perintah peduli krisis naik iur bpjs perintah peduli krn layan maksimal sehat masyarakat subisidi kelas,2
253,moga sesuai iur bpjs tingkat kualitas layan bpjs sehat jaga langsung bpjs sehat,2
254,sih hilang kerja iur bpjs sehat naik perintah paham kelas naik subsidi,2
255,sesuai iur bpjs langsung bpjs sehat layan lapis masyarakat,2
256,polemik bpjs sehat isu naik iur semena mena hoax fakta sesuai kelas ubah,2
257,semenjak serta bpjs sehat bantu terima kasih bpjs sehat,2
258,mumpung thr lupa bayar zakat bayar tunggak iur bpjs langsung layan bpjs sehat optimal,2
259,putus ambil berat langsung bpjs sehat tingkat cukup dana layan,2
260,bpjs jaga kualitas sinambung program jamin sehat,2
261,didebatin bantu perintah kasi urus sehat rakyat moga pemerintahanan turunin bpjs,2
262,naik iur bpjs timbang matang lanjut layan bpjs sehat,2
263,kelas mampu ekonomi beda kelas mampu ekonomi harap langsung bpjs sehat,2
264,sanggup bayar bpjs bpjs pola hidup sehat doa moga senantiasa sehat biar uang obat keluh trs medsos sanggup renti gitu repot,2
265,bpjs sehat jamin bayar iur nunggak jaga sehat,2
266,perintah jg bijak covid tunggak iur bpjs bayar maksimal enam tunggak jg serta bpjs sehat jkn kis tunggak longgar lunas status serta aktif,2
267,prinsip bpjs sehat gotong royong tolong naik iur tolong tingkat faslititas bpjs sehat,3
268,heboh marah provokasi tugas bpjs sehat biar salah paham serta jkn kis tunggak longgar lunas status serta aktif,2
269,iur bpjs sehat kelas kelas kelas gratis gratis teriak iur bpjs sengsara orang miskin org bagi org miskin lindung balik org miskin,2
270,sulit perintah jg pikir bpjs sehat covid tunggak iur bpjs bayar maksimal enam tunggak khawatir makan hoaks,2
271,bpjs sehat sakit bayar biaya rumah sakit mahal rajin bayar iur bpjs,2
272,prinsip anut bpjs sehat gotong royong tolong sambung,3
273,tutup bahas bpjs sehat moga baik yuk tolong gotong royong serta bpjs,2
274,serta bpjs sehat dukung bijak bpjs sehat layan masyarakat,2
275,bpjs sehat utama baik salah prinsip gotong royong,1
276,bahas bpjs sehat moga baik yuk tolong gotong royong,3
277,iur bpjs sikap bijak alhamdulillah subsidi pasti support bpjs sehat layan baik,2
278,iur bayar heboh ubah angka jg heboh baca tabel iur bpjs jd paham bpjs sehat,2
279,dukung bpjs sehat layan baik serta,2
280,putus berat ambil krisis perintah solusi langsung bpjs sehat dukung,2
281,kontribusi jaga serta bpjs sehat aktif rajin bayar iur bpjs rutin,2
282,moga gotong royong jaga kualitas sinambung program jamin sehat masyarakat program bpjs jalan,2
283,dasar bpjs sehat layan sehat serta jkn kis hambat pandemi,2
284,sih kaget turut sih gpp biaa tingkat fasilitas bpjs sehat,2
285,tdk batas asuransi sehat batas limit bpjs tercover,2
286,subsidi perintah kls mandiri bagi bentuk gotong royong terap bpjs sehat elemen libat tutup keluar,3
287,support bpjs sehat layan puas masyarakat gotong royong tolong,1
288,prinsip gotong royong tolong lapis masyarakat layan sehat bpjs,3
289,iur bpjs negara hadir sesuai iur bpjs sehat sesuai pres no enam ribu puluh,2
290,bpjs pandang sbg solusi jangka sedia layan sehat mandiri sustainable prinsip gotong royong patut ada masyarakat beli rokok pulsa iur bpjs suka ngomel,2
291,naik iur bpjs jaga operasional jamin sehat iur naik perintah pusat perintah subsidi bayar bpjs sehat,2
292,pandemi covid orang kena dampak perintah bpjs sehat diam cari jalan baik masyarakat,2
293,naik iur bpjs sehat timbang hitung ability to pay mampu bayar masyarakat,2
294,mumpung lebaran pekan tuntas bayar iur bpjs langsung layan bpjs sehat optimal,2
295,putus ambil berat lanjut bpjs sehat,2
296,bpjs sehat masyarakat nyaman obat jaga sehat,2
297,serta bpjs sehat sifat wajib milik jamin sehat bentuk asuransi dobel gitu deh gapapa tuju bpjs sehat gotong royong tolong,2
298,bayar iur ratus puluh ribu bulan sakit rawat hari rumah sakit bayar ratus ribu hari kunjung dokter tindak operasi butuh coba hitung asuransi murah bpjs cek sehat daftar,2
299,elemen libat tutup keluar bpjs sehat masyarakat rasa manfaat,2
300,rawat inap tujuh enam malam gara gara sakit lambung vertigo akut rawat jalan obat obat gratis bpjs sehat kelas bayar iur kali rasa manfaat,2
301,bijak naik iur langsung bpjs sehat,2
302,jamin sehat banget emang bom sakit sih ngga asa manfaat sakit asa banget loh sakit suruh bayar sekian puluh juta sakit banget bpjs,1
303,bpjs sehat masyarakat nikmat lindung jamin sehat biaya jangkau prinsip bpjs gotong royong tolong,1
304,tahu guys bpjs benar naik iur jalan maksimal layan sehat aman tau bpjs defisit parah,2
305,tunggak iur kartu bpjs langsung aktif pandemi bpjs sehat longgar,2
306,hapus bpjs sehat bantu keluarga rasa manfaat bpjs sehat obat mertua kena stroke gratis rawat jalan fisiotherapy rawat inap operasi obat obat cek darah gratis bayar iur kelas,2
307,bilang bpjs sehat php perintah php perintah pikir rakyat perintah peduli,2
308,perintah hadir sesuai iur bpjs sehat pres no enam ribu puluh,2
309,bijaksana bpjs sehat pandemi covid tunggak iur bpjs bayar maksimal enam tunggak bantu banget ringan serta bpjs kena dampak,2
310,pandemik covid orang kena dampak perintah bpjs sehat diam cari jalan baik masyarakat salah satu bijak longgar bayar iur,2
311,peran bpjs sehat rasa atur tetap iur bpjs dukung patuh atur,2
312,kabar baik serta jkn kis tunggak iur bpjs longgar lunas status serta bpjs sehat aktif,2
313,iya gapapa iur bpjs sehat krn mmg harga sehat orang konsumtif beli barang online beli nmn harga sehat wabah covid tata ulang prioritas hidup konsumtif tetap bijaksana,2
314,bpjs sehat upaya layan baik masyarakat,2
315,sesuai besar iur bpjs sehat langsung layan sehat rakyat,6
316,bpjs sehat layan sesuai besar iur bpjs sehat,2
317,kaget sesuai iur bpjs kali tenang negara hadir sesuai iur bpjs sehat,2
318,jamin sehat nasional asuransi sosial prinsip gotong royong kaya nolong miskin sehat nolong sakit bpjs asuransi komersil provokasi narasi perintah peka perintah hadir rakyat sakit,2
319,sesuai besar iur bpjs sehat langsung layan sehat rakyat bayang pagebluk masyarakat paham jaga negara,1
320,kaget sih dengar iur bpjs juli gimana sakit mahal harga abai sehat,2
321,video jelas bukti hadir perintah sesuai iur bpjs sehat pres enam puluh ribu puluh,2
322,syukur sehat kali bantu krn ada bpjs tolong bayar bpjs bayar bpjs ikhlas moga bantu orang butuh moga kelola bpjs manfaat,2
323,nilai bantu misi negara bantu orang miskin akses layan sehat tarif bpjs murah dunia tdk bantu negara jebol apbn,2
324,pro logika aja asuransi sehat cover premi serendah biar provider gantiin bpjs dinaikin bubar bpjs bpjs bubar mudarat,2
325,perintah ngambil bijak naik iur bpjs sesuai iur bpjs sehat cantum pres no enam ribu puluh subsidi perintah serta pbpu kelas,2
326,pikir biaya sehat biaya murah sakit biaya dokter biaya obat asuransi swasta mahal bpjs manfaat sakit tolong org subsidi silang pahala beda swasta subsidi silang,2
327,inti komunikasi perintah buruk rakyat nggak berat tolong manfaat pegawai kena naik potong bpjs nggak pakai bpjs asuransi sehat,2
328,sehat masak beli rokok bpjs sehat bungkus rokok ngeluh rangin jatah rokok,2
329,tuju naik nominal naik istimewa coba pikir org hasil umk terima upah keluarga 4 org bpjs sehat kelas,2
330,naik iur bpjs sehat jaga lanjut program jamin sehat nasional jkn masyarakat rasa manfaat,2
331,naik iur langsung bpjs sehat masyarakat manfaat,1
332,bayang ngga bpjs sehat bingung bayar biaya rmh sakit plus minus sdh pikir sehat rasa keluar duit ratus puluh ribu ribu berat,2
333,baik masyarakat luas program bpjs prinsip gotong royong untung rugi sehat sehat syukur uang setor manfaat saudara saudara kena sakit,2
334,iya bpjs sehat ikhlas jalan program,2
335,naik langsung operasional bpjs sehat bantu masyarakat butuh,2
336,berat naik bpjs org kerja langsung bantu org butuh tolong sehat situ,2
337,gotong royong tolong cinta bpjs sehat,1
338,bagus niat bantu saudara tanah air biar manfaat fasilitas sehat sedia bpjs,2
339,lanjut layan bpjs sehat iur naik moga maklum,2
340,subsidi silang bayang bpjs jalan uang orang ri layan sehat bpjs sdh kacau balau rs tolak pasien rs blm bayar bpjs,2
341,banget manfaat bpjs hilang masyarakat gol dpt akses sehat,2
342,wow iur bpjs sehat juta warga tanggung pemprov aceh,2
343,guna dana bpjs sehat jaga orang takut obat rs setor bpjs wajib bayar,2
344,ebook pandu layan serta jamin sehat kali ken tau jelas gamblang nih perintah bantu iur serta bpjs sehat,2
345,manteman info nih e book pandu layan serta jamin sehat kali ken tau jelas gamblang perintah bantu iur serta bpjs sehat,2
346,bagus nih pandu serta jamin sehat,2
347,bpjs sehat masalah turun kelas serta,2
348,betapa ebook muda mud paham pandu layan serta jamin sehat lengkap ulas,2
349,bingung pandu layan sehat bpjs galau gundah gulana coba download nih e booknya lengkap bgt deh,2
350,layan baik masyarakat sedia ebook pandu layan sehat serta jamin sehat pandu link,2
351,salah layan bpjs sehat masyarakat buta tahu layan jamin sehat nih download pandu layan guys,2
352,harap hadir ebook pandu serta jamin sehat bantu masyarakat layan baik bpjs sehat,2
353,hak wajib serta ulas ebook pandu layan serta jamin sehat yuk coba ajar layan bpjs sehat puas masyarakat,2
354,gotong royong tolong lho ebook pandu layan masyarakat lengkap banget 136 halaman lho,2
355,layan bpjs sehat puasa masyarakat bpjs sehat usaha layan baik masyarakat indonesia,2
356,info pati maksimal layan bpjs pati luncur aplikasi antre online obat reporter cholis anwar mei murianews upaya mudah pasien jamin sehat,2
357,prinsip gotong royong tolong bpjs sehat paham luang baca ebook pandu layan serta jamin sehat,2
358,bingung layan bpjs sehat suka bingung layan sehat jamin amp gk jamin trus e book pandu layan bpjs sehat bikin paham ttg bpjs,2
359,ebook pandu layan serta jamin sehat baca baca tu mata bpjs sehat layan masyarakat,2
360,makan hoaks bpjs sehat mending baca ebook pandu layan serta jamin sehat deh komplit,2
361,yuk unduh ebook pandu layan serta bpjs sehat biar paham tata alur mekanisme gotong royong tolong,2
362,kantor bpjs sehat blora selatan medan blora utara jalan rusak tembus hutan lebat biar susah,2
363,kartu bpjs sehat gin banget jaga sehat jangka manfaat banget loh nih ebook pandu disave,2
364,serta jamin sehat nasional ebook pandu layan serta jamin sehat loh,2
365,manfaat ebook pandu layan serta sehat mari simak,2
366,download yuk ebook pandu layan serta jamin sehat paham prosedur laku tau layan,2
367,serta binggung ttg layan sehat bpjs serta baca ebook pandu layan sehat,2
368,siang guys yukk cuss download ebook pandu layan serta jamin sehat bsa paham bsa memanfaatkanny cekidot,2
369,ebook pandu layan serta jamin sehat ebook format pdf manfaat ebook,2
370,teman teman ebook pandu layan serta jamin sehat baik masyarakat,2
371,new normal g coba unduh pandu sehat bpjskesehatanri biar ready manfaat bpjs sehat,2
372,bpjs sehat konsisten layan mekanisme syarat tentu,2
373,sakit jamin sehat tenang kisah pasien hemodialisis syukur program jkn kis baca lengkap,2
374,wacana bpjs potong pajak hasil tuju dinda jamin sosial sehat bayar hasil pajak warga riset teman arah situ,2
375,milik dua lupa maha kuasa bpjs sehat,2
376,dokter ugd igd emergency gawat darurat jamin bpjs sehat ranah medis wenang dokter tanggung pasien,2
377,periksa dokter ugd igd nyata dokter emergency gawat darurat jamin bpjs sehat rujuk faskes tingkat i,2
378,pasien hemodialisa aku bantu serta jkn kis,3
379,pasien hemodialisa aku bantu serta jkn kis republika online,2
380,bpjs sehat sederhana aju klaim pasien covid syarat mudah,2
381,bpjs sehat layan optimal sesuai protokol covid,2
382,terima kasih moga sehat,2
383,atur perintah kait bpjs sehat ri bpjs sehat bantu maju bpjs sehat jg loh,2
384,naik tarif iur bpjs opsi sulit tpi langsung bpjs sehat tetep layan kelas sdh dapaf subsidi perintah subsidi bpjs negara hadir bantu bpjs new normal,2
385,sih bpjs tutup bikin susah rakyat sesuai tarif bpjs layan bpjs sehat iur bpjs new normal negara hadir bantu bpjs perintah subsidi bpjs,2
386,naik tarif jd debat mmg bantu operasional bpjs jalan skr solusi serta mandiri kelas bpjs sehat new normal iur bpjs negara hadir bantu bpjs perintah subsidi bpjs,2
387,bpjs sehat selamat layan masyarakat mari dukung perintah iur serta bpjs sehat,2
388,sebentar newnormal lanjut bpjs sehat baik moga temu jalan baik gotong royong tolong,2
389,liat ilustrasi cerita bpjs sehat biar mudah erti moga bpjs sehat baik depan,2
390,ragu deh klo bpjs sehat hapus baik plus minus lahir cesar rs pakai kartu bpjs sehat layan baik masyarakat,2
391,pen ngakak liat cerita si jono pas sakit banyak mikir tinggal pergi pusat sehat pake kartu bpjs gampang biar cepat sembuh,2
392,perintah bantu iur serta bpjs sehat gotong royong tolong baik,2
393,gimana bpjs sehat mending hapus baik apa hasil moga bpjs sehat layan baik,2
394,kakak doa kartu kepake bpjs niat biar bantu lbh orang sakit beban lbh gede msh sakit mikirin biaya moga sll sehat,2
395,jg baik masyarakat luas om ellys kerhi program bpjs prinsip gotong royong bkn untung rugi sehat sehat syukur uang setor manfaat saudara kena sakit salut,2
396,iyak bpjs sehat jg ikhlas,2
397,bpjs sehat aku bahas hapus kelas mandiri satu dua kelas standar manajemen bpjs sehat isyarat dukung jalan amanat atur presiden jamin sehat,2
398,bpjs sehat butuh dukung jalan peran fungsi,2
399,perintah bantu iur bpjs sehat mmbrikan pelaynan masyrkt mari support bpjs sehat layan baik,2
400,penejelasannya pake cerita gambar erti moga bpjs sehat baik,2
401,paham yuks dukung apa putus moga layan,2
402,poinya kartun ambar serta puas layan bpjs sehat depan bpjs sehat mending hapus baik baik sih,2
403,baik kak bpjs sehat bantu proses lahir,2
404,perintah usaha bantu masyarakat layan sehat baik moga cerah masyarakat indonesia lupa bayar iur,2
405,makan biar mikirnya bener bpjs sehat terima kasih bpjs nagara bantu bpjs,2
406,sepakat mba negara maju gotong royong,2
407,bpjs sehat dipwrbaiki hapus,2
408,ngerti iur kelas 3 lho aman berat,2
409,lanjut baca n paham,2
410,ngeh informasi banget teliti,2
411,komik syarat informasi banget ngeluh gitu,2
412,pasti mba mending baik drpd hapus kasi bener butuh,2
413,bingung iur pbi aman puyeng periksa biar sehat bugar,2
414,kali dangkal informasi riuh yuk baca biar paham,2
415,moga baik bpjs sehat,2
416,paham kelas subsidi perintah yuk cari tau biar info lengkap simpang siur makan hoax lengkap cek komik ok,2
417,eh iya komik bagus banget kemaren kemaren bingung iur bpjs bilang mending bpjs hapus coba mending hapus baik hayooo,2
418,baca sampe abis yah komik suer nih komikus keren banget kisah putar,2
419,bpjs tenaga kerja faham orang perlu bpjs sehat hasil kecewa,2
420,indonesia kenal gotong royong bantu,2
421,mal aidin walfaidzin mohon maaf lahir batin share cerita putar mending baik hapus,2
422,naik iur bpjs kelas tuju perintah gotong royong tolong orang kaya bantu orang miskin insyaallah berkah anak cucu amin,2
423,bpjs mending hapus baik sih hapus rasa manfaat obat kartu bpjs sehat rumah sakit,2
424,perintah atur tuju benah depan layan terima masyarakat bagus lanjut,2
425,mending baik masyarakat puas layan bpjs sehat rasa manfaat masyarakat miskin banyk bantu,2
426,lanjut bpjs penting azas manfaat terima dukung lanjut bpjs sehat,2
427,pribadi pilih bpjs sehat baik prinsip gotong royong tolong dalam baca deh jelas gambar,2
428,naik iur bpjs kelas atur beban rakyat miskin jutru luas lindung,2
429,yakin lanjut bpjs baik pilih bpjskesehatan baik kudu sosialisasi peran negara hadir bantu bpjs perintah subsidi bpjs biar salah paham,2
430,paham sih mending baik perintah bantu iur serta bpjs sehat lampir foto ekonomi tolong bantu,2
431,alhamdulillah bpjs sehat,0
432,pilih hapus mikir jangka sakit duit perintah bantu iur serta bpjs sehat masyarakat rasa fasilitas sehat,2
433,perintah naik iur bpjs sehat kelas 1 2 bs tutup biaya gotong royong tolong,2
434,cerah bpjs sehat semangat gotong royong kaya bantu miskin bantu,2
435,man teman inshaallah naik beban mmpu doa perintah baik,2
436,coba cerna paham iur bpjs sehat naik tuju utama tingkat mutu layan masyarakat,2
437,rakyat sakit usaha bangkrut krn pandemi sopo sing bayar pajak bangun manusia sehat didik kuat bidang gampang bayar utang triliun rawat bpjs seksama,2
438,bpjs sehat mending hapus baik klo kta ak sih baik ja solusi aminn semangatt yukk lihat lanjut komik,2
439,naik biaya iur bpjs harap bantu tingkat layan medis maksimal support bpjs sehat layan baik warga sakit,2
440,perintah nerbitin atur iuranbpjs guna benah layan bagus bpjs sehat mending bpjs layan naik tarif hapus operasional nih,2
441,bener banget nih jelas maman perintah terbit atur tujuanya benah layan bpjs sehat bagus lanjut anak cucu,2
442,inti kaya perintah bantu subsidi nikmat fasilitas bpjs sehat harga jangkau,2
443,program hapus baik manfaat rasa orang golong,2
444,bpjs sehat hadir jamin sehat pegang prinsip gotong royong tolong naik iur kelas nambah beban masyarakat miskin,2
445,alangkah baik cari jalan atas masalah tsb,2
446,juweh karna g prediksi kondisi sehat upaya kondisi ttp fit tambah suplemen ekonomi sehat bpjs jalan karna subsidi iur,2
447,bpjs salah opsi masyarakat dlm oleh layan sehat masyarakat kaya biar pilih asuransi dpt layan lbh muas wajib bpjs rs dpt tentu tarif komersil non serta bpjs,2
448,win win solution penting rakyat perintah naik iur bpjs sehat kelas dampak signifikan rakyat laku baik,2
449,ahy sayang naik iur bpjs sehat ahy tanggap naik iur bpjs sehat sayang putus jokowi pandemi covid turut masyarakat butuh fasilitas jamin sehat,2
450,aktif serta bpjs sehat lunas tunggak,2
451,bpjs sehat tiket kereta api via paytren praktis mudah langsung hp untung,2
452,alhamdulillah thl thr gaji tunjang sehat bpjs edi naik tahap timbang sesuai mampu uang daerah,2
453,kelas serta bpjs sehat hapus tanggap anggota komisi dpr ri tuju komisi dpr perintah fasilitas sehat rumah sakit putus hapus kelas serta bpjs sehat,2
454,ketua hari moi krisis covid perintah hemat anggar tunda naik iur bpjs sehat,2
455,naik iur bpjs sehat msh jangkau iur msh rendah manfaat premi dapat bpjs sehat layan masyarakat,2
456,naik iur bpjs banding besar manfaat rasa moga bpjs lanjut lanjut bpjs baik bpjskesehatan terimakasihpemerintah iuranbpjs negarahadirbantubpjs pemerintahsubsidibpjs,2
457,menko airlangga juta warga gratis iur bpjs sehat,2
458,biaya kelas berat pindah kelas subsidi manfaat medis kelas layan bpjs sehat puasa masyarakat bpjskesehatan terimakasihpemerintah iuranbpjs negarahadirbantubpjs pemerintahsubsidibpjs,2
459,manfaat medis kelas beda fisik kamar iur bpjs manfaat medis support bpjs sehat layan baik bpjskesehatan terimakasihpemerintah iuranbpjs negarahadirbantubpjs pemerintahsubsidibpjs,2
460,alas iur bpjs kelas kesehatana sejahtera masyarakat indonesia yuk support bpjs sehat layan baik bpjskesehatan terimakasihpemerintah iuranbpjs negarahadirbantubpjs pemerintahsubsidibpjs,2
461,bayar bpjs rasa manfaat bpjs uang iur bs manfaat orang sakit gotong royong tolong bpjskesehatan terimakasihpemerintah iuranbpjs negarahadirbantubpjs pemerintahsubsidibpjs,2
462,usaha hati dermawan naik iur bpjskesehatan jangkau bpjskesehatan terimakasihpemerintah iuranbpjs negarahadirbantubpjs pemerintahsubsidibpjs,2
463,support bpjs sehat layan baik bayar iur moga bpjs sehat bs trs ringan beban masyakarat indonesia sakit bpjskesehatan terimakasihpemerintah iuranbpjs negarahadirbantubpjs pemerintahsubsidibpjs,2
464,bpjs sehat layan masyarakat moga layan bpjs tingkat masyarakat indonesia rasa manfaat,2
465,moga program baik ikut layan sehat bpjs butuh kalang,2
466,iurang bpjs ringan gudang manfaat terima milik bpjs,2
467,usaha iur bpjs ringan banding manfaat bayar iur ringan,2
468,sih iur bpjs bpjs sehat worth it,2
469,usaha naik bpjs jangkau biaya ringan banding manfaat,2
470,naik iur bpjs sehat perintah tdk sembarang sgt hitung nilai dampak usaha nila positif,2
471,iur bpjs sehat usaha msh jangkau,2
472,gotong royong tolong bantu perintah ngelola memberioan layan baik,2
473,iur bpjs sehat nilai usaha wajar jangkau manfaat layan puas masyarakat,2
474,perintah pasti kalkulasi besar juran bpjs kena usaha masyarakat alhamdulillah putus perintah naik iur bpjs sehat kelas kelas direspon positif usaha,2
475,kalang usaha iur bpjs sehat nilai banding manfaat terima puas dh layan,2
476,galau iuranbpjs sajah,2
477,lansir kalang usaha aku berat putus perintah naik iur bpjs sehat bukti support bpjskehatan layan baik,2
478,serta mandiri kelas selow iuranbpjs bpjskesehatan berat lha bos berat,2
479,usaha iuranbpjs jangkau bagi banding manfaat lantas ribut,2
480,naik iur bpjs harap layan maksimal masyarakat moga maksimal maju https finance detik com moneter d-5020843 iuran-bjps-kesehatan-naik-pengusaha-masih-terjangkau bpjskesehatan terimakasihpemerintah iuranbpjs negarahadirbantubpjs pemerintahsubsidibpjs,2
481,pandemi ngeluh bpjs dinaikin biarin anggap bantu sehat nasional kali lipat ikhlasin protes tunggu pandemi selesai tunggu vaksin,2
482,mas kt obat dokter swasta orang miskin berat coba orang tdk milik biaya arah paskes paskes perintah insha allah obat mas bpjs sehat ada bkn,2
483,naik iur bpjs tuk kelas tuk sinambung layan bpjs kelas krn perintah subsidi terimakasih perintah komit perhati layan sehat maksimal bg warga,2
484,iuranbpjs kelas subsidi lho semangat gotong royong bpjskesehatan jalan layan bangsa,2
485,usaha berat keluh putus perintah naik iur bpjs sehat iur bpjs sehat nilai banding manfaat terima,2
486,bpjs sehat alami defisit uang naik iur pandemi corona nilai layan sehat jalan,2
487,gk aktifin bpjs lost cover polis asuransi sehat pas kemarin sakit pas lgi covid ekonomi turun rasa sehat jaga sehat rekomendasi polis sehat manulife,2
488,manfaat bpjs sehat banding iur,2
489,iur bpjs sehat defisit anggar pilih mudah perintah batal kartu prakerja alih dana triliun tambal bpjs,2
490,situ tugas sehat sok sok an kritis bpjs deh defisit bpjs dampak tugas sehat uang bpjs cair bulan underpaid deal masyarakat dedel pandemi covid,2
491,naik iur bpjs sehat jaga kualitas sinambung jamin sehat selamat bpjs jamin sehat masyarakat,2
492,pas streaming nemu jelas knp perintah naikin tarif bpjs oke bpjs layan baik,2
493,bpjs sehat maju bangsa negara yuk gotong royong bantu,2
494,ramai anggap zholim naik iur kelas pilih kelas paksa pilih berat pindah kelas inti program sifat gotong royong,2
495,ush beribet mas bpjs jamin sosial hitung jgn disamain asuransi lgian sehat emg wajib negara kuq sy blg hrs gratis minimal jgn berat,2
496,bpjs baik sistem laksana awas ngeluh iur iur alami naik doa moga manfaat sadar sehat mahal,2
497,cancer survivor kemo radiasi tindak biaya jamin bpjs sehat tahan hidup thanks god thanks bpjs sehat,2
498,cover biaya sehat bpjs susah banget rujuk parah lgsg igd rs lgsg opname adminnya nanyain pakai bpjs,2
499,insya allah ridho paham naik iur bpjs audit kerja thd bpjs sehat serta rekomendasi auditor sisi objektivitas buka bpjs manfaat,2
500,naik harga iur bpjs bantu org bayar bpjs org dapet nikmat fasilitas sehat perintah paham coba keluh,2
501,knp sih males analisa knp bpjs sehat hr naik iuranya coba baca deh utas prastow tntang bpjs sehat,2
502,klo negara maju ansuransi sehat spt bpjs hitung dapat orang orang klo orang dapat kaya paksa perintah bayar iur pajak klo orang miskin bayar iur pajak,2
503,gk berat naik bpjs org kerja tdk langsung bantu org butuh tolong sehat situ dlu,2
504,pas dijelasin asuransi sehat lu bodoh jelek in bpjs pas sakit org trsayang sakit lu buru ngurus bpjs pas dah sehat ngga bayar premi sakit buru bayar premi biar dipake lu teriak defisit ken hihhh,2
505,bagus niat bantu saudara tanah air biar manfaat fadilitas sehat sedia bpjs,2
506,berat naikin iur bpjs biaya costs bleeding selesai baik management internal asuransi bidang sehat sy pikir kelola banyak ahli asuransi aktuarist ahli uang,2
507,suksidi silang canada bayang bpjs jalan uang brp orang ri dpt layan sehat spt bpjs sdh kacau balau rs tolak pasien krn rs blm bayar bpjs,2
508,perintah dpt tawar sempat kpd serta privilege brsedia bayar sesuai aktuaria tarik serta asuransi sehat gengsi bpjs rs kelas lg pandang belah mata thdp bpjs kelas,2
509,no worries om tep byr bpjs kes brp premi krn msh jauuuhhh lbh murmer dr asuransi sehat swasta double coverlah anggap,2
510,coba konsul bpjs lanjut asuransi bpjs efek manfaat sehat,2
511,bayar bpjs niat bantu butuh moga keluarga sehat selamat,2
512,cuman sembilan belas rb ribu delapan belas ribu puluh berat nil jamin sehat tdk pake kartu miskin nil ngapain gengsi tdk mending jujur perintah drpd lo paksa sok pake bpjs,2
513,pake bpjs kelas jalur mandiri karyawan aq pake bpjs bpjs bukti mmbantu cover sehat bayar sdh nikmat dr bpjs sdh atus kali lipat bpjs engga drpd batas layan biaya lg,2
514,bener banget alhamdulillah bpjs sehat bayar kerja potong persen gaji,2
515,pola pikir sehat kartu bpjs usaha guna tetap sehat atur sehat jasmani rohani sehat mahal guna kaya kayan obat sakit,2
516,layak iur bpjs naik orang hak konstitusi naik iur kelas satu sedekah bantu biaya sehat obat layan,2
517,dasar hukum naik bpjs beda dasar hukum batal ma laku putus ma batal keren banget rincian naik iur bpjs sehat corona,2
518,ayah beliau axa as sehat alih k as jiwa bikin ribet axa pdahal ayah sakit keras untung keluarga bpjs,2
519,gitu sih lihat data takjub serta bpjs sehat biaya perintah,2
520,tdk sama asuransi swasta bpjs asuransi usaha cari untung bpjs amanat konstitusk layan sehat masyarakat paham,2
521,kritik naik iur bpjs sehat sah sah kritik pakai alas rakyat miskin konyol kuadrat rakyat miskin bayar iur,2
522,rasain struk dlu lo pd bru rasain manfaatny bpjs bpjs anggap ja ni amal sehat pikir sehattt,2
523,klo gtu jgn pusing mikirin bpjs mas untung milik jamin sehat dr gk harap bpjs jgn kritis valid,2
524,bpjs alas negara hadir bantu masyarakat warga rakyat butuh kait didik sehat butuh penuh negara scara gratis indonesia kaya raya mbok kelola,2
525,turun kelas lindung sehat saat krisis ekonomi akibat pandemi serang kenan maaf mohon timbang naik iur bpjs sehat jokowi,2
526,makan mesti muter otak cukup keluarga paham polemik bpjs defisit asuransi sehat perintah asuransi,2
527,gin deh drpd muter mulu elo ngerasain lgsg manfaat bpjs iya knp negara kompleks sehat banget harap iur layan jg baik,2
528,peduli bantu rakyat turun harga bbm turun tarif listrik turun tarif iur bpjs sehat ngadain konser,2
529,tau sehat keluarga uang gimana bantu perintah suruh mandiri bingung inti rengek mahal coba bpjs kls puluh munkin aq usahain,2
530,jokowi cerdas bodoh opsi naik iur bpjs sehat pecat direksi,2
531,krn mantan staf bpjs sehat layan sehat,2
532,indonesia gapunya fasilitas sehat salah iur bpjs dinaikin bikin fasilitas sehat baik salah mau apas,2
533,simpel ferguso prinsip bpjs sehat gotong royong sesuai prinsip dasar sepakat besar iur perintah naik iur bpjs bumn,2
534,bpjs psbb longgar isu herd immunity jalan jg udh bgt jaga sehat gaji puluh jt bulan jg abis obat jaga sehat fisik mental spiritual,2
535,bagus biar bpjs manpu biaya layan keluh sehat masyarakat,2
536,fasilitas baik bpjs sehat perintah masyarakat harap akses pelanyanan sehat baik,2
537,teman sy jatuh dpn rumah tulang retak bayar cash enam puluh juta layang ganti tulang tiru operasi ganti bpjs sehat duit iur bulan ratus ribu ajah,2
538,patah tangan celaka rumah obat rs swasta biaya juta control dokter biaya iya cover full bpjs sehat,2
539,ente udh ajar konsep asuransi ajar gih sblm gonggong bpjs salah bentuk asuransi sehat d kelola perintah klo u pcy bpjs u pake allianz atw prudential bayar tu premi,2
540,rakyatpercayajokowi krn era jokowi fasilitas sehat massal bpjs nikmat rakyat indo,2
541,manajerial bpjs tutup rugi bpjs tutup rakyat bawah nurani dukung upaya perata tingkat layan sehat,2
542,ni tambahin dukung kpk baru naik iur bpjs sehat,2
543,sehat rakyat mari dukung bpjs sehat uang sehat harta no,2
544,pres subsidi juta dukung yuk guys,2
545,guys iur bpjs sembarang direksi bpjs sehat negara hadir bayar iur jkn juta,2
546,informasi pelemgkap mana perpress aman subsidi juta,2
547,patut dukung perintah putus baik pres subsidi juta serta,2
548,miskin sehat gratis bpjs klas naik orang negara dukung perintah peduli orang miskin ngebela bayar klas,2
549,jamin sehat didik salah cita diri bangsa konsep bpjs gotong royong dukung difahami ada sadar wajib benci sakit hati tutup,2
550,dirut bpjs sehat sungguh prestasi bpjs sehat alami defisit dirut bpjs sehat hasil selamat bpjs sehat alami defisit uang,2
551,temu bpkri fair bpk apresiasi bpjs sehat efektif kelola dana bidang sehat masalah rekomendasi potensi beban uang capai miliar bayar kapitasi dasar data serta aktif,2
552,ganjar puji presiden dlm tangan corona tanggap bijak jokowi naik iur bpjs sehat putus populer,2
553,naik bpjs kes kenaikannbpjs kes orang tau sehat mahal lo mesti jaga sehat naik besar naik walahhh berat pasti shok berat deh krisis,2
554,bpjs spt asuransi sehat jaga jgn smp dipake kl jgn dipake,2
555,skema sesuai besar iur bpjs sehat tera mudah paham,2
556,bpjs sehat layan sesuai besar,3
557,iya pa pa iur bpjs sehat krn mmg harga sehat orang konsumtif beli barang online beli nmn harga sehat wabah covid tata ulang prioritas dlm hidup konsumtif tetap bijaksana,2
558,pro logic aja asuransi sehat cover klo premi serendah klo biar aj provider gantiin bpjs klo dinaikin bubar bpjs klo bpjs bubar mudarat lbh dukung baik,2
559,nilai bantu misi negara bantu orang miskin akses layan sehat tarif bpjs murah dunia bantu negara jebol apbn,2
560,kemarin perintah jokowi maruf naik iur bpjs sehat tengah pandemi covid pandang perintah bangga penting rakyat banyak,2
561,jakarta patut gembira rasa nyaman jakarta urus passport bpjs ketenagakerjaan bpjs sehat moga wujud hadir masyarakat badung,2
562,syukur sehat kali bantu krn ada bpjs tolong bayar bpjs bayar bpjs ikhlas smg bantu orang butuh smg kelola bpjs shg manfaat,2
563,gimana udh rumah tetep paksa bayar kaya kantor udh kerjasama asuransi sehat third party tetep wajib bpjs cost sayang nikmat layan,2
564,semangat jaga sehat sehat harga mahal harga serta bpjs tenang,2
565,prinsip bpjs sehat gotong royong elemen libat tutup keluar iur bpjs,2
566,serta bpjs sehat sifat wajib milik jamin sehat bentuk asuransi dobel gitu deh papa tuju bpjs sehat gotong royong tolong iur bpjs,2
567,gotong royong iur bpjs bpjs sehat kelas lintas elemen asn tni polri kerja terima upah swasta ambil bahu bahu,2
568,bpjs pandang sbg solusi jangka sedia layan sehat mandiri sustainable prinsip gotong royong sdh patut ada msh masyarakat beli rokok n pulsa iur bpjs suka ngomel,2
569,subsidi perintah kls mandiri bagi bentuk gotong royong terap bpjs sehat elemen libat tutup keluar iur bpjs,2
570,moga gotong royong jaga kualitas sinambung program jamin sehat masyarakat bpjs jalan iur bpjs,2
571,bahas bpjs sehat moga baik yuk tolong gotong royong serta bpjs iur bpjs,2
572,bpjs sehat utama baik salah prinsip gotong royong iur bpjs,2
573,prinsip anut bpjs sehat gotong royong tolong sambung iur bpjs,2
574,prinsip bpjs sehat gotong royong tolong naik iur tolong tingkat faslititas bpjs sehat iur bpjs,2
575,bain bpjs jaring kam sosial bidang sehat,2
576,sanggup bayar bpjs bpjs pola hidup sehat doa allah swt senantiasa sehat biar kluar uang obat elu trs medsos klo sanggup renti gitu repot,2
577,nambahin tips nego gaji make sure tanggung beban pph bpjs tapera miss pas nego eh gilir gaji potong macem patok angka inget nama benefit jd jarak kantor deket kerja jamin sehat,2
578,jg serta bpjs sehat jkn kis tunggak longgar lunas loh tenang yaaa status serta aktif bayar prinsip gotong royong tolong,2
579,bpjs bantu masyarakat azas gotong royong jd panik krn salah satu jaga sehat,2
580,pokok paham ajah prinsip iur bpjs susah doyan boba coba anggar boba bayar bpjs sehat sisa yuk gotong royong tolong tolong rajin bayar iur,2
581,prinsip bpjs gotong royong tolong pandemi butuh bantu sehat iur bpjs,2
582,sepakat pikir serta bpjs kelas alhamdulillah kasih sehat jd biar butuh manfaat senang gotong royong bantu butuh,2
583,guys skrg paham bpjs asuransi sehat jamin sehat perintah rakyat bpjs istilah gotong royong tolong tolong inti rakyat bayar premi,2
584,new normal masker jaga jarak cuci tangan bpjs sehat gotong royong,2
585,bpjs sehat cair dana bpjs sehat sifat gotong royong iur bayar manfaat serta butuh manfaat layan,2
586,presiden indonesia bp ir soekarno pondasi bangsa kuat adlah gotong royong nilai hakiki jiwa hati sanubari diri republik bpjs adlah gotong royong manusia sehat,2
587,iya bpjs sehat program gotong royong kurang tanggung apbn,2
588,bpjs gotong royong bikin rekening gotong royong bank tanzania puluh juta nyambung bpjs makan restaurant dana bpjs struck bayar dana kumpul sehat rakyat miskin facilitates kelas rakyat,2
589,psbb selesai nongkrong disiplin jaga sehat gotong royong tolong,2
590,temen temen naik bpjs lanjut layan bpjs inti gotong royong tolong,2
591,naik iur bpjs lanjut gotong royong tolong,2
592,masyarakat sadar dlm bayar iur jgn jarang sakit bayar iur bpjs sehat sifat gotong royong sehat batu sakit gitu om mardani ali sera jgn nyalahin perintah,2
593,new normal bareng babeh jek bedul terap disiplin masker jaga jarak cuci tangan bawa hand sanitizer yaa gotong royong tolong bpjs sehat layan baik masyarakat,2
594,yuk jaga jarak gotong royong tolong lupa pakai masker cuci tangan sabun air alir,2
595,terap new normal jaga jarak aman cuci tangan lindung lupa pakai masker gotong royong tolong moga normal,2
596,salah prinsip bpjs sehat adlh gotong royong allhamdulillah bpjs sehat kis adik sy selmt setlh operasi tumor otak kali operasi kepala terima kasih tuk negara bayar bpjs indonesia smoga sellu sehat damai indonesia ku,2
597,new normal taat protokol pakai masker jaga jarak aman habis darimana cuci tangan tangan bersih gotong royong tolong,2
598,gerombol sumbu pendek mental gratis dungu paham ttg sehat negara gotong royong kunci klo bayar bs bantu perintah gerombol sumbu pndek nyampe arah tau bpjs teriak,2
599,prinsip bpjs sehat gotong royong tolong negara bantu bayar iur jkn juta plus pres subsidi,2
600,bpjs seprti udunan atw gotong royong bangun ego mkr kls tpi mrk mmpu biaya kamar rumah sakit vip kls ttp miris keadaanya hindar praktek busuk dlm sehat,2
601,nilai skema iur bpjs sehat baru atur presiden kelompok skema iur baik serta watak gotong royong adil,2
602,direksi bpjs papar terang video mana bpjs landas sistem gotong royong bantu nikmat layan sehat,2
603,ukur utama bhw pimpin tdk peduli rakyat krn bijak naik iur bpjs nota bene layan layan sehat rata sistim gotong royong,2
604,banget konsep gotong royong wajib warga negara indonesia milik bpjs sehat tmsk wajib usaha ikut karyawannya bpjs sehat bpjs sehat usaha asuransi sehat,2
605,bpjs sehat layan guna bpjs buruk periksa puskesmas keluh kasih obat paracetamol vitamin konstruksi dasar gotong royong,2
606,juta jiwa biaya perintah system gotong royong mudah,2
607,prinsip bpjs sehat gotong royong bumn swasta iur sepakat stakeholder serta,2
608,masyarakat ramai ramai tolak keras naik iur bpjs sehat coba lmbaga polling rs mrk tuju or tdk papar hasil pollingnya media bpjs org sakit shat jaga keshatan bantu sakit gotong royong,2
609,program bpjs uang negara mengcover butuh sehat warga bikin system gotong royong kayak bpjs benar mana yah gaji ajah inflasi masak iur bpjs,2
610,peran bpjs sehat rasa atur pres 2020 tetap iur bpjs dukung patuh atur,1
611,gin jelas serta kelas pbpu bp bayar iur bpjs puluh ribu orang alias kelas bpjs sehat,1
612,bilang bpjs sehat php perintah php perintah pikir rakyat no no no nyata perintah bpjs peduli,2
613,dukung bpjs sehat pandemi longgar status serta aktif pandemi tunggak bayar enam sisa uang beli takjil mending bayar iur bpjs biar engga berat,1
614,bpjs sehat bantu keluarga rasa manfaat bpjs sehat obat mertua kena stroke gratis rawat jalan fisiotherapy rawat inap operasi obat cek darah gratis bayar iur kls sj,2
615,iur bpjs sehat kelas kelas gratis gratis teriak iur bpjs sulit orang miskin orang bagi orang miskin lindung balik orang miskin,2
616,tahu guys bpjs naik iur jalan maksimal layan sehat aman tau bpjs defisit parah iuranbpjs,2
617,rawat inap semalama tujuh enam malam gara sakit lambung vertigo akut rawat jalan obat gratis bpjs sehat kelas bayar iur kali rasa manfaat,2
618,masya allah moga perintah mampu tuk bantu rakyat layan sehat iur bpjs tuk kelas krn subsidi,2
619,prinsip gotong royong tolong lapis masyarakat layan sehat bpjs iur bpjs,2
620,sulit kerja terima upah ppu daftar kolektif usaha kantor bpjs sehat dekat urus tinggal berkas hrd tau tau kartu serta dah iur bpjs,2
621,naik iur langsung bpjs sehat iur bpjs,2
622,sih kaget yah turut sih gpp biaa tingkat fasilitas bpjs sehat,2
623,konsul langsung kantor bpjs sehat ajah layan lupa pakai masker tes suhu gantung kantor bpjs sehat sih tutup,2
624,moga putus perintah naik iur bpjs manfaat senantiasa sehat aamiin yra,2
625,teman tdk alami sulit ekonomi pliss jgn telat bayar iur bpjs sehat support mndukung lancar bpjs sehat,2
626,langsung bpjs salah ladang amal bantu lemah,3
627,iur bpjs kumpul sepenuh cukup biaya program ambil sesuai besar tarif iur bpjs sehat tingkat kualitas,2
628,naik iur bpjs sehat harap baik layan sehat idi nilai sulit bayar fasilitas sehat,2
629,lembaga jamin sehat sesuai tingkat ekonomi masyarakat bpjs khusus tengah bawah rumah sakit rumah sakit rujuk single tarif masuk akal hehe,2
630,naik iur bpjs berat serta perintah sigap hadir subsidi,2
631,iur percaya berat serta bijak bareng putus mudah win win solution,2
632,naik iur bpjs berat serta negara hadir bantu bpjs terima kasih perintah perintah subsidi bpjs serta bpjs sehat,2
633,teriak naik iur bpjs sehat paham kelas kelas subsidi perintah,2
634,naik iur bpjs jamin stabilitas uang jaga lanjut bpjs,1
635,salah kaprah naik iur bpjs sehat berat serta support bpjs sehat layan baik,2
636,naik iur bpjs sehat tingkat kualitas layan sehat masyarakat bukti masyarakat,2
637,iur bpjs gotong royong kelas tengah tas bantu kelas masyarajat sehat,2
638,iurang bpjs gotong royong bantu kuat sulit bantu layan sehat keluarga bahagia,2
639,salah nilai naik iur bpjs berat serta krn kelas perintah subsidi bpjs,2
640,naik bpjs jaga jamin sehat nasional bpjs jaga bantu masyarakat,2
641,iur bpjs sehat alas gotong royong baik,2
642,gotong royong tolong naik iur bpjs sehat berat tuk serta smga masyarakat tolong,2
643,dapat naik iur bpjs berat tuk serta orang data mari doa baik gotong royong tolong,2
644,sektor kerja tingkat tambal defisit usaha daftar pegawai program bpjs sehat,2
645,gk keleeess mending bpjs murah riah ambil kelas murah banding asuransi sehat,2
646,sesuai besar iur bpjs sehat langsung layan rakyat,2
647,sy lho mas bpjs jamin sehat keluarga apa kelas oenting obat kl sulit bayar bpjs coba aju pbi biar biaya dibayarin perintah mekanisme dpt surat dr desa trus bawa dinsos,2
648,mampu pilih bayar iur kondisi program sehat iur pakai tolong sakit,2
649,coba masyarakat dewasa pikir mantan dpr gagal tukang nyinyir didenger bpjs bantu masyarakat tengah atas ekonomi plg ribut kls gpp jokowi hancur mafia sehat jg,2
650,bantu sehat bantu sakit bpjs butuh layan sehat sehat bilang bpjs haram,2
651,riya sehat bayar bpjs kelas nyiyir beli kouta internet bulan ratus ribu maaf dar contoh,2
652,salah satu faktor moga naik iur bpjs tingkat layan sehat masyarakat,2
653,knp rakyat beban naik iur kelas salah kelola bpjsnya turun kelas solusi protes lindung balik miskin hak rakyat layan sehat dri uang mrk kelola bpjs,2
654,mertua pake bpjs oprasi tiroid sampe ablasi kontrol sampe skg krn hrs ablasi kali oprasi katarak ayah mertua msh rutin kontrol minum obat krn stroke bayang gimana bayar klo pake bpjs sehat,2
655,salam sehat dm terima interaksi dm terima kasih gs,2
656,bpjs sehat gera gotong royong cegah tenaga sehat kena corona metrotimes news jackylatuhihin,2
657,lupa ikut lomba rally vlog sehat ala tantang minggu tema tips makan sehat info cek link bpjskesehatan iuranbpjs,2
658,bpjs sehat sebut naik iur dasar pres nomor penuh aspirasi masyarakat gabung komisi ix dpr ri,2
659,masyarakat peluang menang sprti dlm gugat masyarakat pasal pres mahkamah agung ma masyarakat hasil batal bijak perintah naik tarif bpjs sehat kelas iii rezimparanoid,2
660,perintah pusat ambil alih tanggung iur serta badan selenggara jamin sosial bpjs sehat kategori terima bantu iur pbi juli perintah,2
661,tau bpjs sehat ada lomba rally vlog sehat ala tantang minggu tips makan sehat ikut yuk sumber,2
662,dirut bpjs presiden jokowi hormat putus ma ubah iur bpjs sehat bpjskesehatan iuranbpkskesehatan jokowi fahmiidris,2
663,teman teman lomba seru nih bpjs sehat ada lomba rally vlog sehat ala tantang minggu tips makan sehat info lengkap teman teman klik link yuk gegas,2
664,bpjskesehatan ada lomba rally vlog sehat ala tantang minggu tips makan sehat,2
665,iur sehat org y jk mmg tdk mgunakannya n sbg syukur kasih sehat jujur sy tdk bpjs,2
666,rapat yuk bpjs sehat ada lomba rally vlog sehat ala cek link bawah,2
667,bayang klu ngga bpjs sehat bingung bayar biaya rmh sakit smua mmg plus n minus klu sdh pikir mslh sehat rasa keluar duit ribu bknlah berat,2
668,ppp rakyat peluang menang gugat naik bpjs sehat,1
669,bpjs sehat jaga kualitas sinambung program jamin sehat bpjskesehatan bpjsnaiklagi covid,2
670,atur presiden naik bpjs sesuai aspirasi masyarakat bpjskesehatan bersamalawancorona,2
671,fraksi pan pks partai demokrat dpr kamis perintah batal naik iur bpjs sehat tepat batal pres no,2
672,naik iur bpjs sehat jaga lanjut program jamin sehat nasional jkn,3
673,bpjs sehat bebas denda tunggak iur,1
674,istana naik iur bpjs sehat hitung mampu bayar masyarakat,2
675,agusyudhoyono naik iur bpjs sehat tingkat layan fasilitas sehat moga faham,2
676,bpjs butuh gotong royong tahan eksistensi layan sehat masyarakat naik iur serta kelas efektif subsidi iur berat pindah kelas,1
677,perintah ngambil bijak naik iuranbpjs sesuai iur bpjskesehatan cantum pres no subsidi perintah serta pbpukelas iii periode juli desember,2
678,menteri koordinator bidang ekonomi airlangga hartarto putus naik iur jamin sehat nasional kartu indonesia sehat jkn kis jaga lanjut bpjs sehat,2
679,kepala biro humas mahkamah agung ma abdullah langkah perintah naik iur bpjs sehat atur presiden nomor,2
680,naik iur bpjs tuju jaga kualitas sinambung program jamin sehat bijak dana jamin sehat iur sinergi bijak uang negara proposional,2
681,serta bpjs sehat kelas iii subsidi perintah,1
682,negara hadir sesuai iur bpjs sehat yuk simak jelas,2
683,covid tunggak iur bayar max tunggak pres sesuai jalan perintah ma,2
684,bpjs sehat upaya layan baik masyaraka,3
